CREATE DATABASE  IF NOT EXISTS `flights_project` /*!40100 DEFAULT CHARACTER SET utf8mb4 COLLATE utf8mb4_0900_ai_ci */ /*!80016 DEFAULT ENCRYPTION='N' */;
USE `flights_project`;
-- MySQL dump 10.13  Distrib 8.0.40, for Win64 (x86_64)
--
-- Host: localhost    Database: flights_project
-- ------------------------------------------------------
-- Server version	8.0.40

/*!40101 SET @OLD_CHARACTER_SET_CLIENT=@@CHARACTER_SET_CLIENT */;
/*!40101 SET @OLD_CHARACTER_SET_RESULTS=@@CHARACTER_SET_RESULTS */;
/*!40101 SET @OLD_COLLATION_CONNECTION=@@COLLATION_CONNECTION */;
/*!50503 SET NAMES utf8 */;
/*!40103 SET @OLD_TIME_ZONE=@@TIME_ZONE */;
/*!40103 SET TIME_ZONE='+00:00' */;
/*!40014 SET @OLD_UNIQUE_CHECKS=@@UNIQUE_CHECKS, UNIQUE_CHECKS=0 */;
/*!40014 SET @OLD_FOREIGN_KEY_CHECKS=@@FOREIGN_KEY_CHECKS, FOREIGN_KEY_CHECKS=0 */;
/*!40101 SET @OLD_SQL_MODE=@@SQL_MODE, SQL_MODE='NO_AUTO_VALUE_ON_ZERO' */;
/*!40111 SET @OLD_SQL_NOTES=@@SQL_NOTES, SQL_NOTES=0 */;

--
-- Table structure for table `booking`
--

DROP TABLE IF EXISTS `booking`;
/*!40101 SET @saved_cs_client     = @@character_set_client */;
/*!50503 SET character_set_client = utf8mb4 */;
CREATE TABLE `booking` (
  `booking_no` varchar(255) NOT NULL,
  `email` varchar(255) DEFAULT NULL,
  `priority_boarding` tinyint(1) DEFAULT NULL,
  `luggage_amount` int DEFAULT NULL,
  `tier` varchar(20) DEFAULT NULL,
  PRIMARY KEY (`booking_no`)
) ENGINE=InnoDB DEFAULT CHARSET=utf8mb4 COLLATE=utf8mb4_0900_ai_ci;
/*!40101 SET character_set_client = @saved_cs_client */;

--
-- Dumping data for table `booking`
--

LOCK TABLES `booking` WRITE;
/*!40000 ALTER TABLE `booking` DISABLE KEYS */;
INSERT INTO `booking` VALUES ('100256','morganlane@gmail.com',0,4,'Premium+'),('100963','laraknox@outlook.com',0,4,'Standard'),('102300','adriannanelson@yahoo.com',1,2,'Basic'),('103748','taylorgolden@gmail.com',1,3,'Basic'),('103991','macirosales@yahoo.com',1,2,'Premium+'),('106928','christianweaver@outlook.com',0,1,'Standard'),('108691','mazikeevelazquez@msn.com',0,4,'Basic'),('109978','amarialvarado@outlook.com',1,5,'Basic'),('110572','dominickcrawford@setu.ie',0,5,'Premium+'),('110774','boonejohnson@hotmail.com',0,2,'Standard'),('111203','atticusspencer@hotmail.com',0,4,'Premium+'),('111763','benvance@setu.ie',1,4,'Basic'),('112809','hassanvaughan@outlook.com',1,5,'Basic'),('113025','sylviemorrison@msn.com',0,3,'Standard'),('113585','chayaroberson@icloud.com',1,3,'Standard'),('114120','casemitchell@yahoo.com',1,2,'Standard'),('117889','maxtoncamacho@yahoo.com',0,2,'Standard'),('118763','lolamckay@msn.com',1,3,'Standard'),('118851','evamccall@msn.com',0,6,'Basic'),('120865','laynecarson@gmail.com',0,3,'Premium+'),('122250','barrettsnow@gmail.com',0,5,'Standard'),('122699','elianrollins@msn.com',1,2,'Standard'),('123108','elodietanner@outlook.com',0,3,'Premium+'),('123929','brantleydelacruz@outlook.com',0,2,'Basic'),('124320','karawilliamson@msn.com',1,3,'Standard'),('125226','charleshobbs@yahoo.com',0,2,'Premium+'),('125531','valentinkrueger@hotmail.com',1,4,'Premium+'),('126482','scarlettfoley@icloud.com',0,1,'Standard'),('126654','maddoxfitzgerald@icloud.com',0,3,'Basic'),('127340','brianafisher@msn.com',1,7,'Premium+'),('127376','selenejensen@msn.com',1,5,'Standard'),('128568','quintonlee@yahoo.com',1,5,'Premium+'),('129619','fletcherblair@icloud.com',0,2,'Premium+'),('129681','amirahancock@setu.ie',1,4,'Premium+'),('129843','brooklynnzhang@icloud.com',0,4,'Standard'),('129960','javierbriggs@outlook.com',0,3,'Premium+'),('132320','waverlycole@setu.ie',0,6,'Standard'),('132579','zariahchung@icloud.com',0,2,'Standard'),('133310','rosalyndavis@setu.ie',0,1,'Standard'),('135293','melodyclayton@msn.com',0,3,'Basic'),('136155','maiawest@gmail.com',1,4,'Standard'),('136478','adriannanelson@msn.com',1,4,'Standard'),('136503','jacobyferguson@outlook.com',1,4,'Premium+'),('137243','karenburke@yahoo.com',0,2,'Basic'),('137928','briarali@outlook.com',0,5,'Standard'),('138706','yaretzirivera@hotmail.com',0,4,'Basic'),('138720','finnduncan@setu.ie',1,4,'Basic'),('139562','gabrielpitts@hotmail.com',1,2,'Basic'),('140068','jaxenhodges@outlook.com',0,4,'Standard'),('141496','jaxrodgers@msn.com',0,6,'Premium+'),('141892','ianstrickland@yahoo.com',0,4,'Basic'),('143709','lindamclean@yahoo.com',0,2,'Standard'),('144204','rhysboone@icloud.com',1,4,'Standard'),('144483','oceanvaldez@msn.com',0,1,'Premium+'),('148742','jademorton@hotmail.com',0,2,'Premium+'),('149121','scarlettehaynes@yahoo.com',0,2,'Standard'),('149511','amayalong@setu.ie',1,4,'Standard'),('149683','joeymeza@outlook.com',1,5,'Standard'),('150298','katelyndaniels@gmail.com',0,2,'Standard'),('150419','valentincaldwell@hotmail.com',0,5,'Standard'),('150836','conradvelez@msn.com',1,2,'Standard'),('151072','lucasmora@setu.ie',0,4,'Basic'),('151900','jolierivera@yahoo.com',1,6,'Basic'),('152882','briggsrobinson@gmail.com',1,6,'Standard'),('153918','gianamccullough@msn.com',1,5,'Standard'),('154280','irali@msn.com',1,4,'Basic'),('154935','calvinharris@hotmail.com',1,6,'Basic'),('154965','brunojarvis@hotmail.com',1,4,'Standard'),('155526','delilahmaxwell@msn.com',0,2,'Standard'),('158332','caidenashley@setu.ie',1,1,'Standard'),('160566','kianabriggs@gmail.com',1,6,'Basic'),('161268','theodorajennings@hotmail.com',0,4,'Premium+'),('161638','floraaguilar@setu.ie',0,4,'Basic'),('162645','lolamckay@hotmail.com',0,2,'Basic'),('163422','aryadecker@icloud.com',0,3,'Premium+'),('163871','norasharp@msn.com',0,1,'Basic'),('164823','aribarajas@setu.ie',1,4,'Standard'),('166573','milorich@gmail.com',1,1,'Basic'),('166643','milorich@yahoo.com',0,4,'Premium+'),('168183','romebarajas@yahoo.com',0,1,'Basic'),('168459','elliscook@setu.ie',0,5,'Standard'),('168753','mylajarvis@yahoo.com',1,3,'Basic'),('168853','korbynpugh@setu.ie',0,3,'Basic'),('169955','marcelocuevas@outlook.com',1,5,'Standard'),('170531','oceanvaldez@yahoo.com',1,4,'Premium+'),('171929','karengardner@outlook.com',1,2,'Basic'),('172517','gemmamalone@outlook.com',1,1,'Premium+'),('174211','saylordudley@icloud.com',1,5,'Basic'),('175304','ellencole@icloud.com',0,5,'Standard'),('175671','shilohhancock@setu.ie',1,3,'Basic'),('176318','ryderbrennan@icloud.com',0,3,'Basic'),('176411','maximilianosmall@outlook.com',1,3,'Basic'),('176557','michellejenkins@gmail.com',1,5,'Premium+'),('176974','avalynnscott@yahoo.com',1,4,'Basic'),('177516','romebarajas@gmail.com',0,6,'Premium+'),('179199','hassanvaughan@yahoo.com',0,3,'Standard'),('180502','marcelinemccullough@hotmail.com',0,3,'Standard'),('180863','calvincobb@outlook.com',0,3,'Standard'),('180910','roccomoody@yahoo.com',1,2,'Basic'),('181911','sawyergrant@setu.ie',1,3,'Standard'),('183747','mabelwall@icloud.com',0,2,'Standard'),('185480','sageford@hotmail.com',0,1,'Standard'),('187936','kylanhutchinson@setu.ie',1,2,'Standard'),('190928','troyheath@msn.com',1,3,'Basic'),('191353','leilaharmon@gmail.com',1,4,'Premium+'),('191627','emberlylara@yahoo.com',0,1,'Basic'),('192821','dianaatkins@icloud.com',1,4,'Standard'),('192970','calebmagana@outlook.com',1,2,'Basic'),('193022','romanavila@yahoo.com',0,4,'Basic'),('196001','sambass@icloud.com',1,2,'Standard'),('197441','richardle@hotmail.com',0,5,'Standard'),('198801','selahjordan@msn.com',0,2,'Premium+'),('198831','lydiawood@setu.ie',0,4,'Basic'),('199935','curtishiggins@msn.com',0,5,'Standard'),('200837','havenboyd@icloud.com',1,2,'Basic'),('201056','paolamcclure@outlook.com',0,3,'Standard'),('201637','parkerdixon@gmail.com',1,6,'Premium+'),('202419','jayleenjones@icloud.com',0,7,'Standard'),('203145','marleelee@icloud.com',0,3,'Premium+'),('203154','colteredwards@outlook.com',0,2,'Basic'),('207031','mosespalacios@outlook.com',0,3,'Basic'),('207037','paulapaul@yahoo.com',0,3,'Standard'),('208437','lewisbarrett@msn.com',0,5,'Basic'),('208629','jemmarangel@yahoo.com',0,2,'Premium+'),('209273','koakrueger@hotmail.com',1,1,'Basic'),('209971','kaidenhorne@msn.com',0,1,'Premium+'),('210888','zechariahballard@icloud.com',1,1,'Basic'),('210920','gaelvalenzuela@msn.com',1,2,'Basic'),('211226','kasonhancock@yahoo.com',0,1,'Standard'),('212183','augustmccullough@gmail.com',1,2,'Basic'),('212650','chancerusso@gmail.com',1,3,'Standard'),('212751','nicochan@msn.com',0,4,'Premium+'),('214085','oriongiles@gmail.com',0,4,'Basic'),('214104','calebmagana@msn.com',1,3,'Basic'),('215337','katieryan@outlook.com',0,3,'Basic'),('215715','morganlane@yahoo.com',1,2,'Standard'),('216448','anderbenson@setu.ie',1,5,'Basic'),('217125','kayleekeller@gmail.com',0,3,'Premium+'),('217538','riverbrady@icloud.com',0,4,'Premium+'),('217715','azraelparsons@msn.com',0,4,'Standard'),('218032','sambass@outlook.com',1,5,'Premium+'),('218242','daphnehodge@hotmail.com',0,4,'Premium+'),('218737','suttonhensley@msn.com',1,5,'Basic'),('219772','collingill@icloud.com',0,5,'Premium+'),('220266','serenitysteele@hotmail.com',1,3,'Premium+'),('220844','casentang@icloud.com',0,2,'Premium+'),('221148','olivemcdonald@setu.ie',0,2,'Basic'),('221877','diegospence@msn.com',0,1,'Standard'),('222939','bellamyrichard@icloud.com',1,5,'Premium+'),('223169','amarialvarado@msn.com',1,5,'Premium+'),('223746','judsonkim@setu.ie',0,2,'Premium+'),('224325','mateoleach@gmail.com',0,3,'Basic'),('224471','giovanniburton@setu.ie',0,2,'Basic'),('224670','amiyahwatts@yahoo.com',0,1,'Basic'),('225057','carlabbott@outlook.com',1,7,'Premium+'),('226983','ivyyork@yahoo.com',0,4,'Basic'),('229865','markfloyd@icloud.com',1,3,'Basic'),('230461','selahjordan@msn.com',0,3,'Standard'),('231145','jaylaponce@outlook.com',1,3,'Standard'),('232048','reydecker@msn.com',1,5,'Basic'),('232797','khalidfrye@icloud.com',1,2,'Basic'),('233579','omarwoods@outlook.com',0,3,'Basic'),('234192','diortodd@icloud.com',0,2,'Standard'),('234316','kyrachristian@outlook.com',0,4,'Standard'),('234732','ledgercook@yahoo.com',0,4,'Standard'),('235068','remingtonjordan@setu.ie',0,3,'Basic'),('235089','joeydavidson@setu.ie',1,3,'Basic'),('235246','winstonlindsey@hotmail.com',0,6,'Basic'),('235814','jademorton@yahoo.com',0,6,'Premium+'),('236032','niklausfriedman@msn.com',0,2,'Standard'),('237562','navyhensley@msn.com',1,1,'Premium+'),('237832','charlesmalone@gmail.com',1,4,'Standard'),('238309','nataliaball@outlook.com',1,2,'Premium+'),('239197','romanavila@msn.com',1,3,'Standard'),('239298','atreusjames@outlook.com',0,3,'Premium+'),('239422','iylaroy@yahoo.com',1,1,'Basic'),('240361','damienryan@icloud.com',1,3,'Premium+'),('241129','markgonzales@msn.com',0,3,'Premium+'),('241683','devonwilkins@icloud.com',1,1,'Standard'),('241913','richardle@gmail.com',1,3,'Premium+'),('242516','nathanielnorris@hotmail.com',1,4,'Premium+'),('242844','dylanwallace@icloud.com',0,2,'Basic'),('244641','genesismatthews@yahoo.com',0,2,'Standard'),('246322','shilohbell@outlook.com',0,2,'Basic'),('247198','aryadecker@icloud.com',0,4,'Standard'),('247534','amiyahgill@outlook.com',1,5,'Premium+'),('251625','diorsnow@setu.ie',1,4,'Basic'),('251867','delilahmaxwell@hotmail.com',0,1,'Basic'),('252711','kianafinley@outlook.com',0,3,'Standard'),('253545','tinsleyespinosa@setu.ie',0,2,'Basic'),('253633','ramonknapp@hotmail.com',1,2,'Premium+'),('253817','angelotownsend@hotmail.com',0,2,'Basic'),('253833','diegoahmed@outlook.com',0,5,'Standard'),('254081','willhart@yahoo.com',0,3,'Standard'),('255134','anayawood@msn.com',1,2,'Standard'),('257334','dominickcrawford@outlook.com',0,5,'Premium+'),('259295','evievillanueva@setu.ie',1,2,'Standard'),('259974','arielfarrell@gmail.com',1,4,'Basic'),('262397','michellejenkins@outlook.com',1,2,'Premium+'),('263488','karenmendoza@yahoo.com',0,2,'Premium+'),('264433','amanilynn@outlook.com',1,1,'Standard'),('265983','felixburton@hotmail.com',0,2,'Standard'),('266548','shilohhancock@setu.ie',1,4,'Premium+'),('266699','brennanmorgan@hotmail.com',0,6,'Basic'),('266835','briarwise@icloud.com',0,6,'Basic'),('267025','feliperoy@icloud.com',0,1,'Basic'),('267781','phoenixwinters@outlook.com',1,2,'Basic'),('269748','williamallison@gmail.com',0,5,'Premium+'),('270481','louisalozano@outlook.com',0,5,'Standard'),('271006','mccoyyu@icloud.com',1,2,'Basic'),('271697','boonejohnson@outlook.com',1,3,'Premium+'),('272755','elianrollins@outlook.com',0,4,'Premium+'),('274365','allysongeorge@msn.com',0,4,'Basic'),('276350','octaviaruiz@gmail.com',1,3,'Basic'),('276401','crosbywelch@setu.ie',0,5,'Premium+'),('277119','helenahorn@yahoo.com',1,6,'Premium+'),('277602','landonlong@icloud.com',0,5,'Premium+'),('280096','gordonhardin@setu.ie',1,3,'Standard'),('280582','navyhensley@hotmail.com',1,5,'Premium+'),('280724','raphaelhodge@icloud.com',0,3,'Basic'),('282808','alanabernal@hotmail.com',0,4,'Basic'),('284292','aliabradford@outlook.com',1,4,'Basic'),('284944','andrewingram@icloud.com',0,5,'Premium+'),('285574','elisahouse@gmail.com',1,2,'Basic'),('286413','coreykirk@setu.ie',1,4,'Standard'),('286688','houstongallegos@icloud.com',0,3,'Standard'),('287134','armaniphelps@yahoo.com',1,3,'Standard'),('287436','kamarilugo@hotmail.com',0,2,'Basic'),('288137','curtishiggins@outlook.com',0,1,'Standard'),('288844','ameliahuff@outlook.com',1,2,'Premium+'),('291770','clarissajaramillo@hotmail.com',0,6,'Premium+'),('292067','leonardwallace@icloud.com',0,3,'Basic'),('292641','aryanchang@setu.ie',1,2,'Standard'),('293302','kiaramatthews@yahoo.com',1,1,'Standard'),('293571','briarali@yahoo.com',0,1,'Basic'),('294618','makenzierobertson@msn.com',1,4,'Basic'),('294844','aleenakirk@setu.ie',1,4,'Standard'),('294879','coryford@icloud.com',1,4,'Premium+'),('294914','brockcherry@hotmail.com',0,3,'Standard'),('296091','hankrichards@hotmail.com',0,3,'Premium+'),('296207','rosarusso@msn.com',1,2,'Premium+'),('296208','daphnehodge@outlook.com',0,2,'Standard'),('297169','briggsrobinson@hotmail.com',0,5,'Premium+'),('299190','jessicalester@hotmail.com',0,3,'Premium+'),('299326','saintheath@icloud.com',1,4,'Standard'),('300763','willowfry@setu.ie',1,4,'Standard'),('302164','evievillanueva@msn.com',0,6,'Premium+'),('303902','danteavila@msn.com',1,4,'Standard'),('304172','elianrollins@msn.com',1,5,'Standard'),('305099','maliagross@icloud.com',1,2,'Standard'),('306338','princessrojas@hotmail.com',1,3,'Premium+'),('306769','haisleygeorge@gmail.com',1,2,'Basic'),('307059','hunterwinters@outlook.com',1,4,'Standard'),('307204','lanaestes@hotmail.com',1,5,'Premium+'),('307493','oaklynndennis@icloud.com',1,3,'Premium+'),('308376','jenesissanders@icloud.com',1,6,'Standard'),('310053','brysonpage@hotmail.com',0,4,'Premium+'),('310477','kataleyaromero@gmail.com',1,4,'Premium+'),('310892','aydensexton@outlook.com',1,2,'Standard'),('311569','theodoraconrad@hotmail.com',1,1,'Premium+'),('311633','marinaboone@outlook.com',0,2,'Basic'),('313358','mackspears@hotmail.com',1,4,'Standard'),('313575','chayaroberson@msn.com',0,3,'Basic'),('313914','tylerdouglas@setu.ie',0,5,'Standard'),('314873','palmerlynn@msn.com',1,2,'Premium+'),('315924','jolierivera@msn.com',0,4,'Standard'),('316287','briarali@hotmail.com',0,3,'Premium+'),('316975','jayzimmerman@icloud.com',0,4,'Standard'),('317548','eastongreen@outlook.com',1,2,'Standard'),('317739','jadamoore@icloud.com',0,4,'Basic'),('318474','addilynweiss@outlook.com',0,2,'Basic'),('319690','nathanielkirby@hotmail.com',0,5,'Premium+'),('321308','briaparker@setu.ie',1,2,'Standard'),('322372','tyortiz@outlook.com',1,4,'Standard'),('324544','legacygarza@hotmail.com',0,2,'Basic'),('324896','hayleyphillips@icloud.com',0,2,'Basic'),('325087','brockhenderson@yahoo.com',1,4,'Premium+'),('326684','junehanson@yahoo.com',1,4,'Basic'),('328406','feliperoy@msn.com',0,2,'Premium+'),('329230','marleelucas@setu.ie',0,1,'Standard'),('329720','boonejohnson@outlook.com',1,2,'Standard'),('330143','averypetersen@gmail.com',1,2,'Standard'),('330280','genesisayers@gmail.com',0,2,'Standard'),('333496','aaravmcfarland@gmail.com',1,2,'Standard'),('333636','rexhampton@icloud.com',0,2,'Premium+'),('334303','maxinefrench@icloud.com',1,3,'Basic'),('335111','deaconcordova@hotmail.com',1,2,'Standard'),('335391','kobeowens@hotmail.com',0,5,'Standard'),('335601','kamarimendoza@hotmail.com',0,2,'Standard'),('336685','giovanniburton@hotmail.com',0,2,'Basic'),('336788','roccomoody@msn.com',1,5,'Standard'),('337314','elainevang@gmail.com',0,4,'Standard'),('338492','kianafinley@outlook.com',0,3,'Standard'),('339325','yusufhurley@yahoo.com',0,5,'Standard'),('339405','halleraymond@yahoo.com',0,6,'Premium+'),('339609','floraaguilar@icloud.com',0,3,'Premium+'),('340786','emersonproctor@hotmail.com',1,3,'Standard'),('343027','khalidnewman@gmail.com',1,1,'Premium+'),('343297','elodietanner@outlook.com',0,1,'Premium+'),('343397','langstonmorrison@hotmail.com',0,5,'Basic'),('343796','estrellasantiago@msn.com',1,3,'Basic'),('348079','colinhamilton@yahoo.com',1,5,'Standard'),('348737','janeorozco@yahoo.com',0,2,'Premium+'),('348856','roselynsmith@outlook.com',0,5,'Basic'),('350178','florencefowler@setu.ie',0,4,'Premium+'),('350376','danteavila@gmail.com',1,1,'Basic'),('352460','amaliaochoa@icloud.com',1,4,'Standard'),('353848','drewperkins@hotmail.com',1,5,'Basic'),('354312','zeldasampson@msn.com',0,4,'Premium+'),('355446','julianarichardson@setu.ie',1,2,'Standard'),('356016','alexandriablevins@gmail.com',0,3,'Basic'),('359160','kellanarroyo@yahoo.com',0,4,'Basic'),('361045','finnegansawyer@hotmail.com',1,3,'Premium+'),('361066','azraelparsons@setu.ie',0,2,'Basic'),('364784','kylianpearson@icloud.com',0,2,'Premium+'),('366208','simonewilliams@icloud.com',1,2,'Standard'),('368051','celineramsey@yahoo.com',0,4,'Basic'),('368622','brunojarvis@outlook.com',1,2,'Basic'),('370586','johanjackson@setu.ie',1,5,'Premium+'),('371631','princetonmoses@hotmail.com',0,3,'Premium+'),('372774','ashleybullock@msn.com',1,4,'Premium+'),('374041','rosarusso@outlook.com',1,2,'Premium+'),('375075','hollycabrera@yahoo.com',1,3,'Basic'),('375550','ariellenunez@yahoo.com',0,4,'Basic'),('376978','amiyahwatts@icloud.com',0,3,'Basic'),('377943','alexandriablevins@outlook.com',1,3,'Premium+'),('378279','dianaatkins@hotmail.com',0,2,'Basic'),('379565','barrettsnow@msn.com',0,4,'Basic'),('380670','kadeferguson@msn.com',0,4,'Premium+'),('381293','dylancummings@yahoo.com',0,5,'Standard'),('382526','grahamnava@icloud.com',1,1,'Premium+'),('383499','adriannanelson@setu.ie',0,3,'Standard'),('384011','brunojarvis@setu.ie',0,2,'Standard'),('385089','omarwoods@yahoo.com',0,3,'Premium+'),('386028','messiahbowers@msn.com',0,5,'Basic'),('386616','alanbooker@hotmail.com',1,2,'Basic'),('389249','alexasnow@outlook.com',1,6,'Premium+'),('390097','willowfry@icloud.com',0,3,'Standard'),('391575','declanvasquez@outlook.com',0,1,'Premium+'),('392512','rickyhaley@icloud.com',0,4,'Standard'),('392920','delilahbutler@setu.ie',1,5,'Standard'),('395786','gabrielpitts@gmail.com',0,1,'Standard'),('396145','delilahmaxwell@icloud.com',0,5,'Premium+'),('396799','liamhenry@yahoo.com',0,3,'Premium+'),('397589','sagebarry@yahoo.com',0,5,'Premium+'),('397729','teaganaustin@hotmail.com',1,3,'Basic'),('399340','willowfry@gmail.com',0,7,'Basic'),('400407','junehanson@msn.com',0,2,'Basic'),('401126','khalilmacdonald@icloud.com',0,2,'Basic'),('401476','mariamperson@yahoo.com',1,2,'Premium+'),('403689','skylerrobbins@yahoo.com',0,3,'Basic'),('403839','matthiaso’connell@setu.ie',0,1,'Premium+'),('405050','emmavo@icloud.com',0,4,'Premium+'),('405646','michellejenkins@gmail.com',0,2,'Standard'),('406126','kianamalone@hotmail.com',1,2,'Premium+'),('408228','oaklynndennis@gmail.com',0,4,'Basic'),('408284','aniyahvalenzuela@outlook.com',1,2,'Basic'),('410064','frankiecisneros@icloud.com',1,3,'Premium+'),('410408','skylerrobbins@msn.com',0,3,'Basic'),('411046','kaidenhorne@setu.ie',1,1,'Basic'),('411111','janeorozco@gmail.com',1,1,'Basic'),('411378','markfloyd@hotmail.com',1,4,'Standard'),('413106','navyhensley@yahoo.com',1,4,'Premium+'),('414071','elliotglenn@icloud.com',0,2,'Standard'),('414570','katieryan@icloud.com',0,5,'Basic'),('415442','malayahcohen@icloud.com',1,1,'Premium+'),('415607','aviananixon@yahoo.com',1,2,'Basic'),('415859','crystalpatton@yahoo.com',1,3,'Premium+'),('417612','chelseamcdowell@setu.ie',0,3,'Standard'),('418277','riverbrady@hotmail.com',0,6,'Premium+'),('423259','raphaelhodge@msn.com',1,3,'Basic'),('423788','olivemcdonald@icloud.com',0,2,'Standard'),('424313','briannajacobson@msn.com',0,2,'Standard'),('425220','hakeemmcclure@msn.com',0,6,'Basic'),('425992','crosbysantana@outlook.com',1,3,'Premium+'),('426457','romanavila@setu.ie',0,2,'Premium+'),('426802','crosbysantana@gmail.com',0,4,'Standard'),('427521','addilynweiss@gmail.com',0,4,'Basic'),('429610','valentinaburke@msn.com',0,6,'Premium+'),('430336','sienacastillo@outlook.com',0,4,'Standard'),('430735','ariyabrooks@gmail.com',1,2,'Basic'),('430794','lillianaeverett@icloud.com',0,3,'Standard'),('432208','mauricebaker@outlook.com',1,4,'Basic'),('432967','francesbarker@hotmail.com',1,1,'Standard'),('432978','mabelwall@gmail.com',1,3,'Basic'),('433211','miraclerush@yahoo.com',1,3,'Basic'),('434851','reydecker@gmail.com',0,6,'Premium+'),('435607','santinoeaton@icloud.com',0,3,'Standard'),('436714','libertybooth@icloud.com',0,3,'Standard'),('438377','sevensantos@gmail.com',0,4,'Premium+'),('439530','alexandriablevins@yahoo.com',0,5,'Premium+'),('439620','jacobyferguson@msn.com',1,2,'Standard'),('440112','scarletnoble@yahoo.com',1,3,'Premium+'),('443216','brooklynmorgan@msn.com',0,3,'Premium+'),('443738','eloisefitzgerald@setu.ie',1,3,'Standard'),('444047','lucashowell@outlook.com',1,3,'Basic'),('444821','summerquinn@yahoo.com',0,3,'Standard'),('445508','karacarroll@setu.ie',1,6,'Premium+'),('446623','amaliaochoa@yahoo.com',1,4,'Standard'),('447517','coralinedalton@hotmail.com',1,3,'Premium+'),('447902','sylviemorrison@msn.com',1,5,'Standard'),('448065','axlwalls@msn.com',0,3,'Standard'),('449274','ronineaton@outlook.com',0,7,'Basic'),('449968','jacksalinas@setu.ie',0,5,'Standard'),('451442','isaiasboone@hotmail.com',1,4,'Standard'),('452583','briarali@outlook.com',0,3,'Standard'),('453468','chaimbeard@outlook.com',1,4,'Standard'),('453611','khalidfrost@hotmail.com',1,4,'Standard'),('454740','mekhimills@outlook.com',1,5,'Basic'),('455012','irali@outlook.com',1,3,'Premium+'),('457768','greyryan@outlook.com',1,2,'Standard'),('458895','jaxwatkins@outlook.com',0,3,'Premium+'),('459208','myramendoza@icloud.com',1,5,'Basic'),('459625','karacarroll@yahoo.com',0,2,'Basic'),('459733','skyehernandez@msn.com',1,4,'Premium+'),('462749','langstonmorrison@hotmail.com',1,5,'Basic'),('462754','sainttate@setu.ie',1,2,'Basic'),('463316','princetonmoses@setu.ie',0,5,'Premium+'),('464931','mylohuynh@gmail.com',0,3,'Standard'),('465158','winstonlindsey@yahoo.com',0,3,'Premium+'),('466003','theodorajennings@outlook.com',1,4,'Basic'),('467105','kylianpearson@gmail.com',0,3,'Premium+'),('467643','allysonguevara@gmail.com',0,4,'Basic'),('468020','wellscampos@yahoo.com',0,5,'Basic'),('468326','kylianpearson@setu.ie',0,2,'Basic'),('468926','rubenstafford@msn.com',0,2,'Standard'),('469528','morganlane@yahoo.com',1,3,'Premium+'),('469596','alexasnow@outlook.com',0,2,'Basic'),('470274','brinleymccullough@icloud.com',0,3,'Standard'),('470291','jettreyes@setu.ie',0,5,'Standard'),('472050','alijahreeves@outlook.com',1,3,'Standard'),('472054','acebartlett@icloud.com',1,3,'Premium+'),('473460','keenanbuckley@icloud.com',0,2,'Standard'),('474011','alexiacallahan@gmail.com',1,2,'Basic'),('474209','carsonrivers@icloud.com',1,3,'Premium+'),('474264','iylaroy@icloud.com',1,4,'Standard'),('474672','jemmavaughan@yahoo.com',1,5,'Standard'),('476625','sambass@gmail.com',0,2,'Basic'),('479300','emersonproctor@icloud.com',1,5,'Basic'),('479667','legendthornton@outlook.com',1,6,'Standard'),('482409','mccoyyu@icloud.com',1,1,'Basic'),('482665','colettedickson@yahoo.com',1,2,'Basic'),('483944','aliabradford@icloud.com',0,6,'Premium+'),('485299','anahicastaneda@outlook.com',1,3,'Premium+'),('486233','lewisbarrett@gmail.com',1,3,'Standard'),('486844','chandlerpace@gmail.com',1,7,'Premium+'),('488751','luisjohnston@icloud.com',1,4,'Standard'),('490199','amiasmclaughlin@msn.com',0,4,'Premium+'),('491410','brunowhitehead@setu.ie',0,4,'Premium+'),('491525','aubreehampton@icloud.com',1,2,'Basic'),('493377','ariannapratt@hotmail.com',0,1,'Standard'),('493540','kennaroberts@gmail.com',0,5,'Basic'),('493545','bjornhuynh@gmail.com',1,2,'Standard'),('494048','reydecker@msn.com',1,3,'Premium+'),('494382','kynleevazquez@gmail.com',1,3,'Standard'),('494493','isaacwagner@yahoo.com',0,2,'Standard'),('496066','caidenhancock@gmail.com',0,4,'Premium+'),('497284','rowenburnett@icloud.com',0,5,'Basic'),('497432','aribarajas@outlook.com',1,3,'Standard'),('497869','gordonhardin@msn.com',1,6,'Standard'),('498318','prestondrake@gmail.com',0,2,'Premium+'),('499632','crystalpatton@outlook.com',0,1,'Premium+'),('501411','kataleyaestrada@outlook.com',0,2,'Standard'),('502763','cashsingleton@gmail.com',1,4,'Premium+'),('502767','coreykirk@yahoo.com',0,4,'Standard'),('503019','katelynrandolph@icloud.com',1,4,'Standard'),('503500','avalynnjohnson@gmail.com',0,4,'Basic'),('503962','junemontoya@setu.ie',1,3,'Basic'),('505127','lelandrobertson@gmail.com',1,4,'Basic'),('506413','diorsnow@msn.com',1,2,'Premium+'),('507098','lawsonpace@outlook.com',0,2,'Premium+'),('508484','rubenstafford@setu.ie',0,4,'Basic'),('509602','elsiewebb@setu.ie',0,3,'Premium+'),('511008','anayaesparza@yahoo.com',0,4,'Premium+'),('511430','jakobrodgers@msn.com',0,2,'Basic'),('514288','khalanicrosby@msn.com',1,5,'Premium+'),('516774','brooklynmorgan@gmail.com',1,4,'Basic'),('517635','palomanash@hotmail.com',0,3,'Standard'),('519729','marlonalfaro@msn.com',1,3,'Basic'),('520487','cadenwilliamson@setu.ie',1,1,'Basic'),('522558','govie@setu.ie',1,3,'Deluxe'),('522795','yusufmayo@msn.com',1,2,'Standard'),('523513','noelschwartz@outlook.com',1,1,'Premium+'),('523900','bodiewalker@yahoo.com',0,2,'Premium+'),('524727','allysonguevara@hotmail.com',0,2,'Premium+'),('524987','malayahbrennan@yahoo.com',1,3,'Standard'),('525665','markfloyd@gmail.com',0,3,'Basic'),('526084','rileylang@icloud.com',1,4,'Premium+'),('528555','remingtonpacheco@yahoo.com',1,3,'Basic'),('529476','jademorton@outlook.com',0,2,'Premium+'),('529514','stephenhood@setu.ie',1,3,'Premium+'),('530445','jeremydaniels@icloud.com',1,2,'Premium+'),('531441','selahjordan@outlook.com',1,6,'Premium+'),('532139','wellscallahan@setu.ie',1,3,'Basic'),('532543','clarissajaramillo@icloud.com',1,3,'Standard'),('532691','joelhood@setu.ie',1,2,'Standard'),('535166','alejandracunningham@yahoo.com',1,4,'Standard'),('535448','theodoraconrad@gmail.com',0,2,'Basic'),('536713','kylianpearson@hotmail.com',0,5,'Standard'),('536888','elorasoto@setu.ie',0,4,'Premium+'),('537988','jamiemarsh@outlook.com',1,4,'Basic'),('538275','brooklynmorgan@yahoo.com',1,4,'Standard'),('538873','ariannapratt@icloud.com',1,2,'Basic'),('539642','rosalyndavis@yahoo.com',1,1,'Standard'),('540063','danteavila@yahoo.com',1,5,'Premium+'),('541222','jolierivera@hotmail.com',0,4,'Standard'),('542948','robinmullen@icloud.com',1,5,'Basic'),('543146','evewilkins@yahoo.com',0,4,'Premium+'),('543834','floraaguilar@setu.ie',1,4,'Standard'),('544008','felixburton@yahoo.com',0,4,'Premium+'),('545425','reesereed@setu.ie',1,3,'Basic'),('545489','liamhenry@icloud.com',1,2,'Basic'),('548936','ambermann@yahoo.com',1,2,'Basic'),('549077','bjorngallegos@icloud.com',1,4,'Premium+'),('549140','eastonmacias@yahoo.com',1,2,'Standard'),('549813','theorubio@gmail.com',0,4,'Basic'),('551793','anayawood@setu.ie',0,3,'Basic'),('551982','kayleekeller@setu.ie',1,2,'Standard'),('553013','tannerayala@hotmail.com',1,3,'Standard'),('553727','tinsleyespinosa@icloud.com',0,2,'Premium+'),('554483','sashavega@yahoo.com',0,4,'Basic'),('555686','octaviaruiz@gmail.com',1,5,'Premium+'),('556569','raydenfletcher@icloud.com',0,4,'Premium+'),('557142','alvinsmith@hotmail.com',1,4,'Standard'),('558359','bodiewalker@hotmail.com',0,2,'Standard'),('558577','riggspatel@gmail.com',1,4,'Basic'),('559456','finneganjensen@setu.ie',0,3,'Premium+'),('559869','jasonahmed@msn.com',0,2,'Premium+'),('560586','alanabernal@setu.ie',1,4,'Basic'),('560792','romanavila@outlook.com',1,3,'Basic'),('560979','lorenzoferguson@gmail.com',0,2,'Premium+'),('561735','miraburton@outlook.com',0,4,'Basic'),('562289','enochwilkins@msn.com',0,3,'Premium+'),('563631','lucasmora@icloud.com',0,2,'Premium+'),('564020','madelinehinton@outlook.com',0,5,'Standard'),('564276','kiaanhickman@icloud.com',1,2,'Premium+'),('564430','remingtonjordan@msn.com',0,4,'Standard'),('564952','marthabecker@outlook.com',1,5,'Standard'),('565973','valentincaldwell@gmail.com',1,5,'Basic'),('568273','anderbenson@msn.com',0,2,'Standard'),('568470','jayleenjones@gmail.com',1,5,'Premium+'),('569212','ashleybullock@hotmail.com',1,4,'Premium+'),('570349','khalanicrosby@yahoo.com',1,3,'Basic'),('570722','beckhamhenderson@gmail.com',1,3,'Standard'),('571128','clarissajaramillo@hotmail.com',1,3,'Premium+'),('573755','isaiasboone@yahoo.com',1,4,'Premium+'),('573946','malaysiamontgomery@yahoo.com',0,6,'Basic'),('574565','landynmann@msn.com',0,3,'Premium+'),('575399','alyssawillis@gmail.com',0,3,'Standard'),('575767','moisesfranco@outlook.com',0,5,'Standard'),('578446','waverlycole@icloud.com',1,5,'Basic'),('579921','ariyabrooks@outlook.com',0,3,'Basic'),('580777','lydiawood@gmail.com',1,2,'Premium+'),('582173','briggsrobinson@icloud.com',1,3,'Basic'),('584927','julianawiley@msn.com',1,3,'Basic'),('587106','biancaromero@msn.com',1,3,'Standard'),('587189','juliusholland@hotmail.com',1,3,'Premium+'),('587835','nylahwalton@outlook.com',1,3,'Premium+'),('587882','hattiepalacios@setu.ie',0,5,'Basic'),('589108','oliviafields@msn.com',1,2,'Premium+'),('590843','lelandrobertson@msn.com',1,1,'Standard'),('591123','alexleonard@hotmail.com',1,5,'Premium+'),('591135','celineramsey@setu.ie',0,3,'Premium+'),('591809','mosespalacios@yahoo.com',0,4,'Premium+'),('596213','sashavega@setu.ie',0,5,'Standard'),('597320','oakleegraham@gmail.com',0,2,'Basic'),('598039','romebarajas@gmail.com',1,3,'Standard'),('598502','brockcherry@setu.ie',0,1,'Premium+'),('600188','karenmendoza@setu.ie',0,3,'Basic'),('600737','harlowsloan@outlook.com',1,1,'Premium+'),('600920','freedom@gov.usa',1,30,'Deluxe'),('601605','wilderneal@gmail.com',0,2,'Standard'),('602592','casonwolf@setu.ie',0,2,'Basic'),('602792','maevebarrett@hotmail.com',1,2,'Premium+'),('602923','laceydodson@hotmail.com',1,2,'Standard'),('602924','grahamnava@msn.com',0,3,'Standard'),('603257','melodyclayton@setu.ie',1,4,'Standard'),('605208','aryadecker@msn.com',0,4,'Basic'),('606478','hallemcdonald@yahoo.com',1,4,'Basic'),('609599','rickyhaley@icloud.com',1,2,'Basic'),('610139','alvinsmith@outlook.com',1,3,'Premium+'),('610416','angelicakerr@yahoo.com',0,5,'Basic'),('610584','gaelbecker@setu.ie',0,1,'Standard'),('611354','ivyyork@setu.ie',0,6,'Basic'),('611970','genevieveo’neal@gmail.com',1,3,'Basic'),('612507','roselynmartin@yahoo.com',1,5,'Basic'),('613376','jimmyconley@outlook.com',1,6,'Basic'),('613689','summervargas@hotmail.com',1,4,'Standard'),('614776','calumrice@icloud.com',0,2,'Standard'),('614826','avalynnscott@yahoo.com',1,2,'Premium+'),('615948','lydiawood@yahoo.com',1,3,'Basic'),('619721','natalyclarke@icloud.com',0,3,'Standard'),('622652','miraburton@hotmail.com',1,3,'Basic'),('624016','julianarichardson@hotmail.com',1,3,'Premium+'),('624917','kalicobb@setu.ie',0,5,'Standard'),('625777','isladuarte@icloud.com',1,4,'Basic'),('626744','palmerlynn@icloud.com',0,4,'Basic'),('626828','amaliaanthony@outlook.com',1,2,'Premium+'),('627195','romebarajas@icloud.com',0,2,'Basic'),('627934','briggsrobinson@outlook.com',0,2,'Basic'),('628603','timothyrosario@yahoo.com',1,5,'Basic'),('631398','diortodd@msn.com',0,4,'Premium+'),('633531','kimoracherry@gmail.com',0,2,'Basic'),('633766','amiasmclaughlin@yahoo.com',1,1,'Basic'),('635334','markgonzales@msn.com',0,4,'Basic'),('635588','rebeccaavalos@msn.com',1,6,'Premium+'),('636029','nathaliakim@outlook.com',0,4,'Premium+'),('636040','jaxenhodges@yahoo.com',0,5,'Basic'),('636437','moisesfranco@gmail.com',0,4,'Standard'),('638735','zurihanson@icloud.com',0,4,'Premium+'),('639725','evievillanueva@gmail.com',1,4,'Premium+'),('640342','khalidfrye@outlook.com',0,4,'Basic'),('640824','gaelbecker@icloud.com',1,2,'Premium+'),('640933','charleighbradford@yahoo.com',0,2,'Basic'),('640979','collinsdavis@yahoo.com',1,2,'Standard'),('641860','liamshah@hotmail.com',0,3,'Basic'),('643359','karterlam@setu.ie',1,5,'Premium+'),('643428','santinoeaton@yahoo.com',1,2,'Standard'),('644291','diegoahmed@yahoo.com',1,4,'Basic'),('645525','julienmejia@gmail.com',0,4,'Premium+'),('645748','elliotglenn@outlook.com',0,4,'Basic'),('646352','jocelyncarpenter@setu.ie',1,3,'Premium+'),('649080','amanixiong@yahoo.com',0,6,'Premium+'),('649721','cassandragarrison@gmail.com',0,4,'Basic'),('650554','scarletnoble@yahoo.com',1,5,'Basic'),('651009','nancyrasmussen@setu.ie',1,4,'Standard'),('651326','haydenmyers@yahoo.com',1,3,'Premium+'),('653460','harlowbullock@hotmail.com',1,4,'Standard'),('654563','joeybarnett@hotmail.com',1,5,'Premium+'),('656117','jamieblackwell@setu.ie',0,1,'Premium+'),('656193','isabelamclaughlin@gmail.com',1,2,'Premium+'),('657217','jasmineibarra@msn.com',1,5,'Basic'),('658840','royaltyo’connor@hotmail.com',1,2,'Premium+'),('659211','remingtonmcfarland@gmail.com',1,5,'Basic'),('659709','crosbymoody@outlook.com',1,2,'Premium+'),('660372','khalidfrost@msn.com',1,2,'Premium+'),('666412','isaiahbuckley@icloud.com',0,2,'Basic'),('666661','santossimpson@setu.ie',1,3,'Premium+'),('667040','anderbenson@icloud.com',0,3,'Premium+'),('667546','mckennahardy@icloud.com',0,4,'Premium+'),('669200','jacksalinas@icloud.com',0,1,'Standard'),('671279','hughfriedman@setu.ie',0,5,'Basic'),('671499','yehudapeck@yahoo.com',1,3,'Basic'),('671890','legendthornton@setu.ie',1,3,'Premium+'),('671958','richardle@yahoo.com',0,2,'Standard'),('672721','sienacastillo@msn.com',1,5,'Standard'),('673173','marlonalfaro@hotmail.com',0,2,'Standard'),('673535','guillermodecker@msn.com',0,6,'Standard'),('673741','julianamclean@gmail.com',0,3,'Standard'),('674754','alexasnow@msn.com',0,1,'Basic'),('675479','camdenvillegas@gmail.com',0,5,'Standard'),('675795','castielmarsh@outlook.com',1,3,'Basic'),('676296','angelosalazar@outlook.com',1,3,'Basic'),('676554','miraburton@hotmail.com',0,3,'Basic'),('677004','aubrielleriley@msn.com',0,4,'Standard'),('677346','edenfry@gmail.com',0,4,'Basic'),('678030','tylerdouglas@yahoo.com',1,2,'Premium+'),('679768','sagebarry@yahoo.com',1,4,'Standard'),('681030','abelmedrano@icloud.com',1,1,'Basic'),('681702','javierbriggs@gmail.com',0,2,'Premium+'),('682299','abdullahtate@setu.ie',0,5,'Premium+'),('683407','leilanileblanc@gmail.com',1,4,'Standard'),('684873','sylviemorrison@outlook.com',0,4,'Premium+'),('684921','bellamyrichard@setu.ie',0,4,'Standard'),('686598','angelosalazar@setu.ie',1,6,'Standard'),('687120','aureliadavidson@outlook.com',0,5,'Standard'),('687563','marcelinemccullough@hotmail.com',0,2,'Basic'),('687596','athenalowe@gmail.com',0,4,'Premium+'),('687717','lanaestes@setu.ie',1,3,'Basic'),('688761','atreusjames@icloud.com',0,2,'Basic'),('689081','remyhuynh@icloud.com',1,3,'Premium+'),('689719','ellencole@setu.ie',0,4,'Premium+'),('691079','adelinaavalos@gmail.com',0,1,'Premium+'),('692465','lawsonpace@msn.com',0,3,'Standard'),('692857','sylaskent@setu.ie',1,1,'Premium+'),('693226','bjornhuynh@icloud.com',0,1,'Basic'),('693256','mylohuynh@gmail.com',0,3,'Standard'),('693308','kylanhutchinson@hotmail.com',1,3,'Basic'),('693646','adlerrogers@msn.com',1,4,'Standard'),('693647','briggsrobinson@icloud.com',1,3,'Premium+'),('694793','adonisleal@msn.com',0,3,'Basic'),('695125','zeldabeltran@msn.com',1,4,'Basic'),('696078','briggsrobinson@setu.ie',0,3,'Premium+'),('696244','robinmullen@icloud.com',0,4,'Standard'),('697695','abdullahtate@setu.ie',1,3,'Premium+'),('699450','coryford@outlook.com',1,1,'Standard'),('700903','kennethhale@yahoo.com',0,1,'Premium+'),('702053','reesereed@setu.ie',1,6,'Basic'),('703210','lucashowell@yahoo.com',1,1,'Premium+'),('703656','austinmyers@icloud.com',1,2,'Basic'),('703671','zaidrosario@gmail.com',1,3,'Basic'),('705712','marlonalfaro@yahoo.com',1,2,'Standard'),('707815','esthermckay@yahoo.com',1,3,'Standard'),('707891','anastasiajarvis@gmail.com',0,5,'Standard'),('708855','romanavila@outlook.com',1,5,'Standard'),('709289','adriannanelson@setu.ie',1,3,'Premium+'),('710407','estebanmelton@gmail.com',1,4,'Basic'),('710886','wilsonwong@setu.ie',1,4,'Basic'),('711930','brockcherry@setu.ie',0,4,'Standard'),('712665','briarswanson@hotmail.com',0,3,'Basic'),('713305','lianarowland@hotmail.com',1,2,'Standard'),('714907','keniawyatt@setu.ie',1,4,'Standard'),('716543','jamaripaul@gmail.com',0,2,'Basic'),('716631','jacebaxter@hotmail.com',0,4,'Premium+'),('716719','royaltyo’connor@gmail.com',0,5,'Standard'),('716929','kayleekeller@hotmail.com',0,4,'Basic'),('717289','lelandrobertson@gmail.com',0,4,'Premium+'),('717784','demiblanchard@yahoo.com',0,3,'Basic'),('717859','rubensampson@gmail.com',1,3,'Standard'),('719259','casonholloway@hotmail.com',0,4,'Premium+'),('720044','elainefisher@outlook.com',0,4,'Basic'),('720048','remingtonmcfarland@icloud.com',0,2,'Premium+'),('722002','paigeburns@outlook.com',1,1,'Standard'),('723754','annabelladickerson@icloud.com',1,5,'Standard'),('724049','artemisward@gmail.com',1,4,'Basic'),('724476','mylajarvis@hotmail.com',1,1,'Basic'),('724788','pearlschaefer@hotmail.com',0,2,'Basic'),('725189','nikoroth@gmail.com',0,7,'Premium+'),('726481','theodorajennings@outlook.com',0,3,'Standard'),('727942','aidanparks@yahoo.com',1,5,'Basic'),('727992','shepardavalos@yahoo.com',1,3,'Basic'),('729080','genesismatthews@outlook.com',0,3,'Premium+'),('729733','roselynmartin@gmail.com',0,3,'Basic'),('731616','leandroboyer@gmail.com',1,3,'Basic'),('734574','ledgercook@gmail.com',1,1,'Basic'),('735189','davianburns@gmail.com',1,3,'Standard'),('735931','mackspears@yahoo.com',0,4,'Premium+'),('736811','adelinaspencer@outlook.com',1,2,'Standard'),('739375','khalidnewman@yahoo.com',1,4,'Premium+'),('739469','marleegibbs@yahoo.com',1,1,'Basic'),('740202','brooklynnzhang@yahoo.com',1,5,'Standard'),('740833','alonsowalton@outlook.com',1,4,'Premium+'),('741318','tinsleymejia@icloud.com',0,2,'Standard'),('741741','roycechapman@hotmail.com',0,2,'Standard'),('741866','gemmamalone@hotmail.com',0,5,'Premium+'),('742575','kianafinley@setu.ie',1,2,'Premium+'),('744098','elliotglenn@icloud.com',0,4,'Premium+'),('744311','marthabecker@hotmail.com',0,3,'Standard'),('745138','celesteayala@yahoo.com',1,1,'Standard'),('745960','adriannanelson@gmail.com',1,5,'Premium+'),('747635','alyssawillis@outlook.com',1,3,'Basic'),('748353','aviwatson@msn.com',1,4,'Premium+'),('750583','crosbywelch@gmail.com',0,3,'Basic'),('752054','brianafisher@setu.ie',0,4,'Standard'),('752616','taliakramer@yahoo.com',1,3,'Standard'),('753658','genesisayers@icloud.com',0,2,'Basic'),('754054','carlabbott@setu.ie',1,5,'Basic'),('756487','taylorgolden@setu.ie',0,5,'Premium+'),('758277','rowenburnett@yahoo.com',1,4,'Basic'),('758278','nicochan@hotmail.com',0,1,'Basic'),('758527','oliverrusso@yahoo.com',0,4,'Basic'),('759962','aaravmcfarland@msn.com',0,4,'Basic'),('763574','nikoroth@icloud.com',0,1,'Premium+'),('764443','sunnybarr@hotmail.com',1,3,'Premium+'),('766506','rickyhaley@icloud.com',1,3,'Premium+'),('766864','laceydodson@msn.com',1,3,'Basic'),('768949','kataleyaromero@gmail.com',1,2,'Premium+'),('770915','kendallmckay@setu.ie',0,3,'Premium+'),('772440','calebmagana@msn.com',1,3,'Standard'),('773045','kobeowens@outlook.com',1,4,'Premium+'),('773592','adelaideblackburn@hotmail.com',0,3,'Basic'),('773942','jordanallen@gmail.com',1,4,'Standard'),('774705','noewade@icloud.com',0,4,'Basic'),('774991','adonisleal@yahoo.com',1,4,'Basic'),('778542','tinsleyespinosa@outlook.com',0,3,'Basic'),('778814','chancerusso@msn.com',1,6,'Standard'),('779386','jayceondavenport@outlook.com',0,5,'Standard'),('779460','isaacwagner@hotmail.com',1,2,'Basic'),('782468','ericweeks@setu.ie',0,3,'Basic'),('782781','mosespalacios@setu.ie',1,4,'Basic'),('783204','harlowfoley@yahoo.com',0,2,'Basic'),('784648','reydecker@setu.ie',0,6,'Premium+'),('784744','maximiliannorris@hotmail.com',0,5,'Standard'),('785972','jaxrodgers@yahoo.com',0,1,'Standard'),('786050','isaiahbuckley@icloud.com',0,2,'Basic'),('787028','jaxrodgers@outlook.com',1,4,'Basic'),('787420','hughfriedman@hotmail.com',1,3,'Standard'),('787442','daphnebranch@icloud.com',1,2,'Standard'),('788002','landonlong@outlook.com',0,4,'Standard'),('789840','camilopeters@gmail.com',1,3,'Premium+'),('791389','zahirwinters@setu.ie',0,3,'Basic'),('796679','ezekielbowman@setu.ie',1,4,'Premium+'),('797552','katelyndorsey@gmail.com',0,5,'Basic'),('798040','marlonmathews@gmail.com',1,4,'Premium+'),('798103','nancyrasmussen@setu.ie',0,2,'Premium+'),('799112','kimoracherry@msn.com',1,1,'Standard'),('799235','shilohbell@hotmail.com',1,2,'Standard'),('799255','elisesolis@yahoo.com',0,4,'Basic'),('799974','hazellarsen@gmail.com',1,1,'Basic'),('801474','richardle@icloud.com',1,5,'Basic'),('801920','estellasuarez@msn.com',0,3,'Standard'),('802945','willhart@outlook.com',1,3,'Standard'),('806564','leilaharmon@gmail.com',1,3,'Premium+'),('806715','finneganjensen@outlook.com',0,4,'Basic'),('807118','hakeemmcclure@outlook.com',0,5,'Premium+'),('809235','layneali@setu.ie',0,1,'Standard'),('809286','ellencole@setu.ie',1,3,'Premium+'),('810356','amarialvarado@yahoo.com',1,3,'Basic'),('810969','navyhensley@setu.ie',1,2,'Premium+'),('811716','casemitchell@yahoo.com',1,3,'Standard'),('813121','joeymeza@msn.com',0,3,'Premium+'),('813460','leannamcmahon@outlook.com',0,5,'Premium+'),('814827','salemortega@icloud.com',0,2,'Premium+'),('815712','jacksalinas@yahoo.com',0,3,'Premium+'),('815796','hunterwinters@hotmail.com',1,3,'Basic'),('816038','zoerobbins@msn.com',1,6,'Basic'),('816189','saylordudley@msn.com',1,3,'Premium+'),('817808','bradenbrewer@icloud.com',0,2,'Basic'),('820148','karawilliamson@yahoo.com',0,2,'Basic'),('821917','malayahbrennan@outlook.com',0,2,'Premium+'),('822194','julianamclean@icloud.com',1,1,'Basic'),('822435','winstonlindsey@gmail.com',0,1,'Premium+'),('822969','douglasgilbert@yahoo.com',1,4,'Basic'),('823395','matthiasrivers@msn.com',0,4,'Premium+'),('823862','jasmineibarra@hotmail.com',1,4,'Standard'),('825787','sorenmalone@gmail.com',0,2,'Basic'),('826435','addisynvillarreal@hotmail.com',1,5,'Standard'),('827349','boderios@msn.com',0,4,'Basic'),('828177','niklausfriedman@icloud.com',0,3,'Standard'),('828435','quinnvincent@icloud.com',1,2,'Basic'),('828531','jaylinatkins@icloud.com',1,4,'Standard'),('829886','jacksalinas@icloud.com',1,3,'Premium+'),('830031','chandlerpace@gmail.com',1,5,'Basic'),('832501','connercohen@outlook.com',1,3,'Standard'),('833027','brianalozano@hotmail.com',1,1,'Basic'),('833060','keanuwright@setu.ie',0,4,'Standard'),('833289','korbynpugh@gmail.com',1,6,'Standard'),('834186','colettedickson@outlook.com',0,6,'Standard'),('838578','arielfarrell@msn.com',1,2,'Basic'),('841023','emersonhunt@outlook.com',0,2,'Standard'),('841247','adalynnhendrix@gmail.com',0,2,'Premium+'),('845498','juliettegolden@yahoo.com',0,3,'Premium+'),('845829','masonfigueroa@hotmail.com',0,3,'Basic'),('846989','alexcline@setu.ie',1,4,'Standard'),('848560','maddoxfitzgerald@hotmail.com',1,2,'Standard'),('849822','lyannagood@icloud.com',0,5,'Premium+'),('850883','hakeemlowery@outlook.com',1,3,'Premium+'),('854700','callanbutler@hotmail.com',0,1,'Premium+'),('856255','mosespalacios@outlook.com',1,6,'Basic'),('856845','genevieveo’neal@hotmail.com',1,5,'Premium+'),('857015','dilanthornton@icloud.com',0,3,'Standard'),('857314','armaniharrison@setu.ie',1,3,'Premium+'),('858140','tatumwiggins@msn.com',0,4,'Standard'),('858774','jayzimmerman@msn.com',1,4,'Standard'),('859518','reignfitzgerald@icloud.com',0,3,'Premium+'),('859987','maddoxfitzgerald@gmail.com',1,3,'Standard'),('861256','linacamacho@setu.ie',0,4,'Premium+'),('861788','diegonewman@hotmail.com',0,5,'Standard'),('862081','theodorajennings@hotmail.com',0,6,'Basic'),('863309','mauriciomejia@gmail.com',1,2,'Basic'),('863418','mekhihahn@hotmail.com',1,5,'Standard'),('863594','stetsonbuckley@msn.com',0,4,'Premium+'),('863707','haisleymarquez@hotmail.com',0,2,'Basic'),('863823','jayleenjones@setu.ie',0,4,'Standard'),('865144','sorendyer@hotmail.com',0,3,'Standard'),('866725','santossimpson@msn.com',0,2,'Basic'),('867076','irali@hotmail.com',1,4,'Standard'),('868856','alvinsmith@setu.ie',0,3,'Premium+'),('870241','milorich@setu.ie',1,2,'Standard'),('870492','aryanchang@icloud.com',0,3,'Basic'),('871175','riverbrady@icloud.com',1,4,'Standard'),('871807','jaxrodgers@outlook.com',1,2,'Basic'),('872374','janeorozco@gmail.com',1,3,'Standard'),('873107','jessiebrandt@yahoo.com',0,3,'Standard'),('873254','yehudapeck@msn.com',0,5,'Basic'),('873756','rubencastillo@outlook.com',1,2,'Premium+'),('874091','prestonhamilton@gmail.com',1,2,'Premium+'),('874407','korbynpugh@hotmail.com',0,3,'Basic'),('874662','julianawiley@yahoo.com',1,3,'Basic'),('874917','aleenamcgee@icloud.com',0,1,'Premium+'),('875373','hunterwinters@icloud.com',1,1,'Standard'),('876762','amiasmclaughlin@setu.ie',0,4,'Standard'),('879231','oakleehill@icloud.com',1,2,'Premium+'),('880078','calumevans@setu.ie',0,2,'Premium+'),('884052','robertdelarosa@gmail.com',1,3,'Premium+'),('884114','jaylareese@icloud.com',1,2,'Premium+'),('884523','lucianohawkins@gmail.com',1,5,'Standard'),('884735','calumevans@msn.com',0,2,'Basic'),('885511','kynleevazquez@setu.ie',1,3,'Basic'),('885553','haisleygeorge@msn.com',1,3,'Standard'),('885935','ariannapratt@hotmail.com',0,2,'Standard'),('886174','mileyporter@hotmail.com',1,5,'Basic'),('886396','marleegibbs@outlook.com',1,2,'Premium+'),('886889','elisaali@msn.com',1,3,'Basic'),('887504','angelicakerr@yahoo.com',0,3,'Standard'),('888203','julianamclean@outlook.com',1,5,'Standard'),('889830','aubrielleriley@hotmail.com',0,3,'Basic'),('889855','connercohen@icloud.com',0,3,'Basic'),('892377','alaiabecker@setu.ie',1,2,'Basic'),('894035','elodietanner@icloud.com',0,3,'Basic'),('895623','hunterwinters@msn.com',0,1,'Premium+'),('896551','marcelinemccullough@hotmail.com',1,2,'Basic'),('898407','valentincaldwell@msn.com',0,3,'Standard'),('898777','estellasuarez@icloud.com',1,5,'Basic'),('899771','vancefoster@hotmail.com',0,5,'Basic'),('901331','sainttate@gmail.com',1,3,'Premium+'),('902759','carsonbean@icloud.com',1,4,'Basic'),('902869','royaltyo’connor@outlook.com',0,2,'Standard'),('904982','palomanash@hotmail.com',1,2,'Premium+'),('905057','selahjordan@setu.ie',1,3,'Basic'),('905849','mathewfox@outlook.com',0,2,'Standard'),('906176','legacygarza@icloud.com',1,4,'Premium+'),('906898','willhart@msn.com',0,3,'Standard'),('907223','janeorozco@gmail.com',1,2,'Standard'),('907674','bodiewalker@msn.com',0,4,'Standard'),('908027','quinnayers@msn.com',0,2,'Premium+'),('908804','jemmarangel@hotmail.com',1,4,'Premium+'),('910328','marcelinemccullough@icloud.com',0,2,'Premium+'),('913258','mccoyyu@yahoo.com',0,4,'Standard'),('914143','augustmccullough@gmail.com',1,5,'Standard'),('914263','ariyahcurry@hotmail.com',0,4,'Premium+'),('914709','freyageorge@icloud.com',0,3,'Premium+'),('915564','marlowesnyder@setu.ie',0,1,'Premium+'),('915841','landynmann@msn.com',0,2,'Premium+'),('916319','boonemoss@gmail.com',0,3,'Premium+'),('916769','finnleyhuffman@setu.ie',1,3,'Premium+'),('916952','juliettegolden@outlook.com',0,2,'Basic'),('918280','mauriciomejia@icloud.com',1,3,'Standard'),('918550','diortodd@yahoo.com',0,3,'Basic'),('923846','harlowsloan@msn.com',0,5,'Standard'),('924508','levikennedy@outlook.com',0,4,'Standard'),('924701','trinitycharles@gmail.com',1,4,'Basic'),('924761','saoirsechambers@msn.com',1,3,'Premium+'),('927067','aleenakirk@gmail.com',0,3,'Premium+'),('927742','joliemacdonald@hotmail.com',1,4,'Premium+'),('929825','brockcherry@hotmail.com',1,6,'Basic'),('930436','koakrueger@msn.com',1,7,'Standard'),('930534','amarakramer@gmail.com',1,4,'Standard'),('930940','matiashopkins@outlook.com',1,1,'Premium+'),('931610','alexcline@yahoo.com',0,2,'Premium+'),('931960','enochjones@icloud.com',0,1,'Standard'),('932117','shilohbell@hotmail.com',1,4,'Premium+'),('933871','trinitycharles@setu.ie',0,2,'Standard'),('934632','evelynnsingleton@msn.com',0,2,'Basic'),('935199','alanbooker@icloud.com',1,2,'Basic'),('936793','isaiahbuckley@msn.com',0,4,'Standard'),('937169','korbynpugh@outlook.com',1,3,'Basic'),('937658','adlerrogers@yahoo.com',1,3,'Standard'),('937750','edenfry@outlook.com',1,4,'Standard'),('938564','houstongallegos@yahoo.com',0,3,'Basic'),('942330','yusufmayo@icloud.com',0,1,'Standard'),('943569','baileenovak@yahoo.com',0,3,'Standard'),('945351','meganmarshall@yahoo.com',0,5,'Basic'),('947221','arielleyoder@setu.ie',0,5,'Premium+'),('948227','aryadecker@setu.ie',1,3,'Premium+'),('948733','valentinaburke@hotmail.com',1,4,'Standard'),('949158','marcelinemccullough@hotmail.com',1,2,'Basic'),('950008','khalanicrosby@yahoo.com',0,3,'Basic'),('950218','shepardavalos@hotmail.com',1,3,'Standard'),('952931','morganlane@icloud.com',1,4,'Basic'),('953418','nyomihampton@outlook.com',1,3,'Premium+'),('954655','mckennahardy@icloud.com',1,3,'Standard'),('954740','damirgonzalez@hotmail.com',1,1,'Standard'),('955004','alyssawillis@hotmail.com',1,3,'Standard'),('955522','rylanbass@gmail.com',0,3,'Premium+'),('955622','shepherdhodge@yahoo.com',0,3,'Standard'),('958316','aaryacain@gmail.com',1,2,'Basic'),('958930','anayaesparza@hotmail.com',1,2,'Standard'),('961464','brycenturner@icloud.com',0,2,'Basic'),('962093','zechariahballard@icloud.com',0,4,'Basic'),('963484','briggsrobinson@setu.ie',0,3,'Basic'),('963747','eddietucker@outlook.com',1,3,'Basic'),('966350','ianstrickland@icloud.com',0,2,'Basic'),('968421','frankiecisneros@outlook.com',1,3,'Standard'),('969433','langstonmorrison@icloud.com',1,4,'Premium+'),('969726','amanilynn@msn.com',1,3,'Basic'),('970029','caidenashley@gmail.com',1,2,'Premium+'),('970772','coralinedalton@outlook.com',1,3,'Premium+'),('971461','summervargas@hotmail.com',1,3,'Basic'),('971516','zyairewillis@gmail.com',0,5,'Premium+'),('971586','marcelinemccullough@msn.com',0,2,'Standard'),('971876','makenzierobertson@outlook.com',0,3,'Premium+'),('973589','ashleybullock@hotmail.com',0,2,'Premium+'),('974461','emilianotravis@yahoo.com',1,5,'Basic'),('974833','quinnvincent@gmail.com',1,2,'Standard'),('974883','christianweaver@yahoo.com',0,2,'Premium+'),('976146','ariyahcurry@yahoo.com',1,4,'Standard'),('976174','brockhenderson@gmail.com',1,5,'Standard'),('976428','pearlschaefer@outlook.com',1,5,'Basic'),('976467','audreyhamilton@hotmail.com',0,4,'Basic'),('977069','francesbarker@msn.com',0,4,'Premium+'),('979004','patrickrosario@yahoo.com',1,4,'Premium+'),('979764','jaxtonmiddleton@hotmail.com',1,3,'Basic'),('980922','arifranklin@outlook.com',0,3,'Basic'),('980946','noelschwartz@outlook.com',1,3,'Basic'),('981902','jenesissanders@hotmail.com',1,5,'Basic'),('982476','aaravmcfarland@yahoo.com',1,2,'Basic'),('982707','scoutboone@gmail.com',0,4,'Basic'),('983366','ariannapratt@setu.ie',1,4,'Standard'),('983910','genesisheath@gmail.com',0,4,'Basic'),('985044','camdenvillegas@yahoo.com',0,4,'Basic'),('985327','daytonrivers@gmail.com',0,4,'Basic'),('985753','alexasnow@gmail.com',1,5,'Basic'),('986319','sienacastillo@hotmail.com',1,2,'Standard'),('986579','jaylinatkins@icloud.com',1,4,'Premium+'),('987654','a@a.a',0,2,'Standard'),('988030','feliperoy@setu.ie',0,6,'Premium+'),('989971','kyrachristian@msn.com',0,5,'Standard'),('991490','caidenashley@icloud.com',0,4,'Standard'),('995281','emanueljennings@icloud.com',1,3,'Premium+'),('996419','atreusjames@icloud.com',0,4,'Premium+'),('996534','karengardner@msn.com',1,4,'Basic'),('996984','aaliyahjohnston@gmail.com',0,2,'Basic');
/*!40000 ALTER TABLE `booking` ENABLE KEYS */;
UNLOCK TABLES;

--
-- Table structure for table `flight`
--

DROP TABLE IF EXISTS `flight`;
/*!40101 SET @saved_cs_client     = @@character_set_client */;
/*!50503 SET character_set_client = utf8mb4 */;
CREATE TABLE `flight` (
  `flight_id` int NOT NULL AUTO_INCREMENT,
  `departure_airport` varchar(255) DEFAULT NULL,
  `arrival_airport` varchar(255) DEFAULT NULL,
  `departure_time` datetime DEFAULT NULL,
  `arrival_time` datetime DEFAULT NULL,
  `aircraft` varchar(255) NOT NULL,
  `base_price` int DEFAULT NULL,
  PRIMARY KEY (`flight_id`)
) ENGINE=InnoDB AUTO_INCREMENT=227 DEFAULT CHARSET=utf8mb4 COLLATE=utf8mb4_0900_ai_ci;
/*!40101 SET character_set_client = @saved_cs_client */;

--
-- Dumping data for table `flight`
--

LOCK TABLES `flight` WRITE;
/*!40000 ALTER TABLE `flight` DISABLE KEYS */;
INSERT INTO `flight` VALUES (100,'Dublin','Barcelona','2025-03-04 14:00:00','2025-03-04 16:20:00','Boeing 737-800',50),(101,'Barcelona','Dublin','2025-03-06 11:50:00','2025-03-06 13:20:00','Boeing 737-800',50),(117,'Dublin','Barcelona','2025-04-01 11:00:00','2025-04-01 13:25:00','Boeing 737-800',70),(118,'Dublin','Barcelona','2025-04-05 07:00:00','2025-04-05 09:25:00','Boeing 737-800',70),(119,'Dublin','Barcelona','2025-04-09 16:00:00','2025-04-09 18:25:00','Boeing 737-800',70),(120,'Dublin','Barcelona','2025-04-13 09:00:00','2025-04-13 11:25:00','Boeing 737-800',70),(121,'Barcelona','Dublin','2025-04-02 15:00:00','2025-04-02 17:45:00','Boeing 737-800',70),(122,'Barcelona','Dublin','2025-04-06 10:00:00','2025-04-06 12:45:00','Boeing 737-800',70),(123,'Barcelona','Dublin','2025-04-10 11:00:00','2025-04-10 13:45:00','Boeing 737-800',70),(124,'Barcelona','Dublin','2025-04-14 07:00:00','2025-04-14 09:45:00','Boeing 737-800',70),(125,'Dublin','Warsaw','2025-04-01 10:00:00','2025-04-01 12:45:00','Boeing 737-800',65),(126,'Dublin','Warsaw','2025-04-08 17:00:00','2025-04-08 19:45:00','Boeing 737-800',65),(127,'Dublin','Warsaw','2025-04-15 13:00:00','2025-04-15 15:45:00','Boeing 737-800',65),(128,'Warsaw','Dublin','2025-04-02 08:00:00','2025-04-02 11:05:00','Boeing 737-800',65),(129,'Warsaw','Dublin','2025-04-09 17:00:00','2025-04-09 20:05:00','Boeing 737-800',65),(130,'Warsaw','Dublin','2025-04-16 09:00:00','2025-04-16 12:05:00','Boeing 737-800',65),(131,'Dublin','London','2025-04-01 15:00:00','2025-04-01 16:30:00','Boeing 737-800',30),(132,'Dublin','London','2025-04-03 11:00:00','2025-04-03 12:30:00','Boeing 737-800',30),(133,'Dublin','London','2025-04-05 15:00:00','2025-04-05 16:30:00','Boeing 737-800',30),(134,'Dublin','London','2025-04-07 15:00:00','2025-04-07 16:30:00','Boeing 737-800',30),(135,'Dublin','London','2025-04-09 12:00:00','2025-04-09 13:30:00','Boeing 737-800',30),(136,'Dublin','London','2025-04-11 08:00:00','2025-04-11 09:30:00','Boeing 737-800',30),(137,'Dublin','London','2025-04-13 15:00:00','2025-04-13 16:30:00','Boeing 737-800',30),(138,'Dublin','London','2025-04-15 16:00:00','2025-04-15 17:30:00','Boeing 737-800',30),(139,'London','Dublin','2025-04-02 11:00:00','2025-04-02 12:20:00','Boeing 737-800',30),(140,'London','Dublin','2025-04-04 18:00:00','2025-04-04 19:20:00','Boeing 737-800',30),(141,'London','Dublin','2025-04-06 15:00:00','2025-04-06 16:20:00','Boeing 737-800',30),(142,'London','Dublin','2025-04-08 10:00:00','2025-04-08 11:20:00','Boeing 737-800',30),(143,'London','Dublin','2025-04-10 13:00:00','2025-04-10 14:20:00','Boeing 737-800',30),(144,'London','Dublin','2025-04-12 16:00:00','2025-04-12 17:20:00','Boeing 737-800',30),(145,'London','Dublin','2025-04-14 10:00:00','2025-04-14 11:20:00','Boeing 737-800',30),(146,'London','Dublin','2025-04-16 07:00:00','2025-04-16 08:20:00','Boeing 737-800',30),(147,'Dublin','Paris','2025-04-01 18:00:00','2025-04-01 19:30:00','Boeing 737-800',30),(148,'Dublin','Paris','2025-04-03 11:00:00','2025-04-03 12:30:00','Boeing 737-800',30),(149,'Dublin','Paris','2025-04-05 08:00:00','2025-04-05 09:30:00','Boeing 737-800',30),(150,'Dublin','Paris','2025-04-07 09:00:00','2025-04-07 10:30:00','Boeing 737-800',30),(151,'Dublin','Paris','2025-04-09 14:00:00','2025-04-09 15:30:00','Boeing 737-800',30),(152,'Dublin','Paris','2025-04-11 11:00:00','2025-04-11 12:30:00','Boeing 737-800',30),(153,'Dublin','Paris','2025-04-13 15:00:00','2025-04-13 16:30:00','Boeing 737-800',30),(154,'Dublin','Paris','2025-04-15 09:00:00','2025-04-15 10:30:00','Boeing 737-800',30),(155,'Paris','Dublin','2025-04-02 17:00:00','2025-04-02 18:40:00','Boeing 737-800',30),(156,'Paris','Dublin','2025-04-04 17:00:00','2025-04-04 18:40:00','Boeing 737-800',30),(157,'Paris','Dublin','2025-04-06 07:00:00','2025-04-06 08:40:00','Boeing 737-800',30),(158,'Paris','Dublin','2025-04-08 15:00:00','2025-04-08 16:40:00','Boeing 737-800',30),(159,'Paris','Dublin','2025-04-10 11:00:00','2025-04-10 12:40:00','Boeing 737-800',30),(160,'Paris','Dublin','2025-04-12 11:00:00','2025-04-12 12:40:00','Boeing 737-800',30),(161,'Paris','Dublin','2025-04-14 12:00:00','2025-04-14 13:40:00','Boeing 737-800',30),(162,'Paris','Dublin','2025-04-16 13:00:00','2025-04-16 14:40:00','Boeing 737-800',30),(163,'London','Paris','2025-04-01 14:00:00','2025-04-01 15:20:00','Boeing 737-800',30),(164,'London','Paris','2025-04-03 10:00:00','2025-04-03 11:20:00','Boeing 737-800',30),(165,'London','Paris','2025-04-05 15:00:00','2025-04-05 16:20:00','Boeing 737-800',30),(166,'London','Paris','2025-04-07 13:00:00','2025-04-07 14:20:00','Boeing 737-800',30),(167,'London','Paris','2025-04-09 10:00:00','2025-04-09 11:20:00','Boeing 737-800',30),(168,'London','Paris','2025-04-11 09:00:00','2025-04-11 10:20:00','Boeing 737-800',30),(169,'London','Paris','2025-04-13 11:00:00','2025-04-13 12:20:00','Boeing 737-800',30),(170,'London','Paris','2025-04-15 08:00:00','2025-04-15 09:20:00','Boeing 737-800',30),(171,'Paris','London','2025-04-02 12:00:00','2025-04-02 13:10:00','Boeing 737-800',30),(172,'Paris','London','2025-04-04 15:00:00','2025-04-04 16:10:00','Boeing 737-800',30),(173,'Paris','London','2025-04-06 08:00:00','2025-04-06 09:10:00','Boeing 737-800',30),(174,'Paris','London','2025-04-08 15:00:00','2025-04-08 16:10:00','Boeing 737-800',30),(175,'Paris','London','2025-04-10 11:00:00','2025-04-10 12:10:00','Boeing 737-800',30),(176,'Paris','London','2025-04-12 18:00:00','2025-04-12 19:10:00','Boeing 737-800',30),(177,'Paris','London','2025-04-14 15:00:00','2025-04-14 16:10:00','Boeing 737-800',30),(178,'Paris','London','2025-04-16 09:00:00','2025-04-16 10:10:00','Boeing 737-800',30),(179,'London','Rome','2025-04-01 10:00:00','2025-04-01 12:25:00','Boeing 737-800',50),(180,'London','Rome','2025-04-05 17:00:00','2025-04-05 19:25:00','Boeing 737-800',50),(181,'London','Rome','2025-04-09 13:00:00','2025-04-09 15:25:00','Boeing 737-800',50),(182,'London','Rome','2025-04-13 18:00:00','2025-04-13 20:25:00','Boeing 737-800',50),(183,'Rome','London','2025-04-02 16:00:00','2025-04-02 18:40:00','Boeing 737-800',50),(184,'Rome','London','2025-04-06 15:00:00','2025-04-06 17:40:00','Boeing 737-800',50),(185,'Rome','London','2025-04-10 08:00:00','2025-04-10 10:40:00','Boeing 737-800',50),(186,'Rome','London','2025-04-14 18:00:00','2025-04-14 20:40:00','Boeing 737-800',50),(187,'Paris','Barcelona','2025-04-01 16:00:00','2025-04-01 17:45:00','Boeing 737-800',55),(188,'Paris','Barcelona','2025-04-06 09:00:00','2025-04-06 10:45:00','Boeing 737-800',55),(189,'Paris','Barcelona','2025-04-11 07:00:00','2025-04-11 08:45:00','Boeing 737-800',55),(190,'Barcelona','Paris','2025-04-02 07:00:00','2025-04-02 09:00:00','Boeing 737-800',55),(191,'Barcelona','Paris','2025-04-07 08:00:00','2025-04-07 10:00:00','Boeing 737-800',55),(192,'Barcelona','Paris','2025-04-12 13:00:00','2025-04-12 15:00:00','Boeing 737-800',55),(193,'Barcelona','Rome','2025-04-01 14:00:00','2025-04-01 15:50:00','Boeing 737-800',60),(194,'Barcelona','Rome','2025-04-06 17:00:00','2025-04-06 18:50:00','Boeing 737-800',60),(195,'Barcelona','Rome','2025-04-11 16:00:00','2025-04-11 17:50:00','Boeing 737-800',60),(196,'Rome','Barcelona','2025-04-02 19:00:00','2025-04-02 20:50:00','Boeing 737-800',60),(197,'Rome','Barcelona','2025-04-07 16:00:00','2025-04-07 17:50:00','Boeing 737-800',60),(198,'Rome','Barcelona','2025-04-12 19:00:00','2025-04-12 20:50:00','Boeing 737-800',60),(199,'Paris','Berlin','2025-04-01 18:00:00','2025-04-01 19:50:00','Airbus A320',25),(200,'Paris','Berlin','2025-04-05 16:00:00','2025-04-05 17:50:00','Airbus A320',25),(201,'Paris','Berlin','2025-04-09 14:00:00','2025-04-09 15:50:00','Airbus A320',25),(202,'Paris','Berlin','2025-04-13 11:00:00','2025-04-13 12:50:00','Airbus A320',25),(203,'Berlin','Paris','2025-04-02 13:00:00','2025-04-02 14:55:00','Airbus A320',25),(204,'Berlin','Paris','2025-04-06 11:00:00','2025-04-06 12:55:00','Airbus A320',25),(205,'Berlin','Paris','2025-04-10 16:00:00','2025-04-10 17:55:00','Airbus A320',25),(206,'Berlin','Paris','2025-04-14 16:00:00','2025-04-14 17:55:00','Airbus A320',25),(207,'Rome','Warsaw','2025-04-01 11:00:00','2025-04-01 13:20:00','Airbus A320',50),(208,'Rome','Warsaw','2025-04-08 07:00:00','2025-04-08 09:20:00','Airbus A320',50),(209,'Rome','Warsaw','2025-04-15 11:00:00','2025-04-15 13:20:00','Airbus A320',50),(210,'Warsaw','Rome','2025-04-02 12:00:00','2025-04-02 14:15:00','Airbus A320',50),(211,'Warsaw','Rome','2025-04-09 08:00:00','2025-04-09 10:15:00','Airbus A320',50),(212,'Warsaw','Rome','2025-04-16 13:00:00','2025-04-16 15:15:00','Airbus A320',50),(213,'Rome','Berlin','2025-04-01 09:00:00','2025-04-01 11:10:00','Airbus A320',40),(214,'Rome','Berlin','2025-04-05 16:00:00','2025-04-05 18:10:00','Airbus A320',40),(215,'Rome','Berlin','2025-04-09 18:00:00','2025-04-09 20:10:00','Airbus A320',40),(216,'Rome','Berlin','2025-04-13 11:00:00','2025-04-13 13:10:00','Airbus A320',40),(217,'Berlin','Rome','2025-04-02 16:00:00','2025-04-02 18:10:00','Airbus A320',40),(218,'Berlin','Rome','2025-04-06 09:00:00','2025-04-06 11:10:00','Airbus A320',40),(219,'Berlin','Rome','2025-04-10 15:00:00','2025-04-10 17:10:00','Airbus A320',40),(220,'Berlin','Rome','2025-04-14 15:00:00','2025-04-14 17:10:00','Airbus A320',40),(221,'Barcelona','Berlin','2025-04-01 08:00:00','2025-04-01 10:45:00','Airbus A320',70),(222,'Barcelona','Berlin','2025-04-06 19:00:00','2025-04-06 21:45:00','Airbus A320',70),(223,'Barcelona','Berlin','2025-04-11 09:00:00','2025-04-11 11:45:00','Airbus A320',70),(224,'Berlin','Barcelona','2025-04-02 19:00:00','2025-04-02 21:35:00','Airbus A320',70),(225,'Berlin','Barcelona','2025-04-07 10:00:00','2025-04-07 12:35:00','Airbus A320',70),(226,'Berlin','Barcelona','2025-04-12 13:00:00','2025-04-12 15:35:00','Airbus A320',70);
/*!40000 ALTER TABLE `flight` ENABLE KEYS */;
UNLOCK TABLES;

--
-- Table structure for table `flight_booking`
--

DROP TABLE IF EXISTS `flight_booking`;
/*!40101 SET @saved_cs_client     = @@character_set_client */;
/*!50503 SET character_set_client = utf8mb4 */;
CREATE TABLE `flight_booking` (
  `flight_id` int NOT NULL,
  `booking_no` varchar(10) NOT NULL,
  `is_return` tinyint(1) NOT NULL,
  PRIMARY KEY (`flight_id`,`booking_no`),
  KEY `booking_no` (`booking_no`),
  CONSTRAINT `flight_booking_ibfk_1` FOREIGN KEY (`flight_id`) REFERENCES `flight` (`flight_id`),
  CONSTRAINT `flight_booking_ibfk_2` FOREIGN KEY (`booking_no`) REFERENCES `booking` (`booking_no`)
) ENGINE=InnoDB DEFAULT CHARSET=utf8mb4 COLLATE=utf8mb4_0900_ai_ci;
/*!40101 SET character_set_client = @saved_cs_client */;

--
-- Dumping data for table `flight_booking`
--

LOCK TABLES `flight_booking` WRITE;
/*!40000 ALTER TABLE `flight_booking` DISABLE KEYS */;
INSERT INTO `flight_booking` VALUES (100,'111763',0),(100,'207037',0),(100,'224670',0),(100,'253833',0),(100,'286413',0),(100,'368051',0),(100,'411046',0),(100,'432208',0),(100,'522558',0),(100,'523900',0),(100,'556569',0),(100,'600920',0),(100,'673535',0),(100,'729080',0),(100,'774991',0),(100,'924508',0),(100,'971516',0),(100,'974833',0),(100,'987654',0),(100,'989971',0),(101,'235068',0),(101,'237832',0),(101,'265983',0),(101,'266548',0),(101,'286413',1),(101,'339405',0),(101,'414570',0),(101,'522558',1),(101,'556569',1),(101,'600920',1),(101,'759962',0),(101,'768949',0),(101,'806715',0),(101,'830031',0),(101,'889830',0),(101,'954740',0),(117,'132579',0),(117,'181911',0),(117,'218032',0),(117,'255134',0),(117,'287134',0),(117,'355446',0),(117,'536713',0),(117,'600737',0),(117,'659709',0),(117,'872374',0),(117,'889830',1),(117,'931960',0),(117,'937750',0),(118,'136478',0),(118,'138720',0),(118,'229865',0),(118,'235068',1),(118,'237832',1),(118,'339405',1),(118,'490199',0),(118,'667040',1),(118,'673173',0),(118,'687120',1),(118,'688761',0),(118,'691079',0),(118,'740202',0),(118,'754054',0),(118,'768949',1),(118,'914263',0),(118,'954740',1),(119,'125226',0),(119,'299326',1),(119,'426457',0),(119,'488751',1),(119,'635334',0),(119,'759962',1),(119,'856845',1),(119,'870492',0),(119,'935199',0),(119,'969726',0),(119,'988030',1),(120,'129843',1),(120,'133310',0),(120,'158332',1),(120,'170531',1),(120,'175671',0),(120,'230461',0),(120,'265983',1),(120,'374041',0),(120,'375075',0),(120,'392512',1),(120,'397589',1),(120,'440112',0),(120,'455012',1),(120,'458895',0),(120,'465158',0),(120,'467105',1),(120,'474209',1),(120,'476625',0),(120,'486233',1),(120,'520487',1),(120,'529476',0),(120,'602924',0),(120,'657217',0),(120,'684921',0),(120,'694793',0),(120,'703656',0),(120,'710407',0),(120,'772440',1),(120,'779460',1),(120,'861256',0),(120,'916319',0),(120,'927067',1),(121,'218032',1),(121,'324896',0),(121,'397589',0),(121,'411046',1),(121,'446623',0),(121,'474209',0),(121,'488751',0),(121,'558359',0),(121,'649721',0),(121,'667040',0),(121,'687120',0),(121,'772440',0),(121,'779460',0),(121,'854700',0),(121,'856845',0),(121,'861788',0),(121,'931960',1),(121,'937750',1),(121,'988030',0),(122,'132579',1),(122,'138720',1),(122,'170531',0),(122,'190928',0),(122,'229865',1),(122,'299326',0),(122,'336788',0),(122,'368051',1),(122,'392512',0),(122,'426802',0),(122,'467105',0),(122,'486233',0),(122,'673173',1),(122,'938564',0),(123,'129843',0),(123,'158332',0),(123,'181911',1),(123,'232048',0),(123,'255134',1),(123,'355446',1),(123,'426457',1),(123,'455012',0),(123,'490199',1),(123,'520487',0),(123,'536713',1),(123,'600737',1),(123,'613376',0),(123,'635334',1),(123,'659709',1),(123,'671279',0),(123,'671958',0),(123,'673535',1),(123,'754054',1),(123,'914263',1),(123,'927067',0),(123,'930534',0),(123,'933871',0),(124,'125226',1),(124,'136478',1),(124,'175671',1),(124,'230461',1),(124,'287134',1),(124,'326684',0),(124,'440112',1),(124,'458895',1),(124,'465158',1),(124,'529476',1),(124,'602924',1),(124,'657217',1),(124,'688761',1),(124,'691079',1),(124,'703656',1),(124,'710407',1),(124,'740202',1),(124,'758277',0),(124,'861256',1),(124,'989971',1),(125,'335601',0),(125,'439530',0),(125,'564276',0),(125,'571128',0),(125,'638735',0),(125,'744098',0),(125,'748353',0),(126,'218737',0),(126,'257334',0),(126,'395786',0),(126,'403689',0),(126,'438377',0),(126,'537988',1),(126,'549077',0),(126,'561735',0),(126,'587189',0),(126,'786050',0),(126,'821917',0),(126,'823395',0),(126,'898407',0),(127,'212751',1),(127,'277119',1),(127,'286688',0),(127,'292067',1),(127,'339609',1),(127,'443216',1),(127,'494048',0),(127,'525665',1),(127,'628603',0),(127,'693646',1),(127,'720048',1),(127,'915564',0),(127,'945351',0),(127,'950218',1),(128,'253817',0),(128,'293571',0),(128,'340786',0),(128,'343027',0),(128,'384011',0),(128,'525665',0),(128,'537988',0),(129,'141892',0),(129,'212751',0),(129,'277119',0),(129,'292067',0),(129,'339609',0),(129,'438377',1),(129,'443216',0),(129,'571128',1),(129,'638735',1),(129,'671499',0),(129,'693646',0),(129,'720048',0),(129,'786050',1),(129,'828531',0),(129,'950218',0),(130,'217715',0),(130,'335601',1),(130,'381293',0),(130,'459208',0),(130,'564276',1),(130,'602592',0),(130,'692465',0),(130,'744098',1),(130,'867076',0),(131,'126654',0),(131,'144204',0),(131,'199935',0),(131,'330280',0),(131,'354312',0),(132,'140068',0),(132,'210920',0),(132,'234192',0),(132,'274365',0),(132,'303902',0),(132,'449274',0),(132,'493540',0),(132,'560979',0),(132,'676296',0),(132,'735189',0),(132,'745138',0),(132,'871175',0),(132,'937169',0),(132,'968421',0),(132,'971876',0),(132,'995281',0),(133,'137928',0),(133,'187936',0),(133,'348079',0),(133,'436714',0),(133,'453611',0),(133,'485299',0),(133,'494493',0),(133,'545425',0),(133,'570722',0),(133,'614826',0),(133,'678030',1),(133,'683407',0),(133,'948733',0),(134,'239298',0),(134,'246322',0),(134,'272755',0),(134,'343796',0),(134,'392920',0),(134,'519729',0),(134,'625777',0),(134,'660372',0),(134,'700903',0),(134,'720044',0),(134,'799112',1),(134,'848560',0),(134,'918550',1),(134,'996419',0),(135,'108691',1),(135,'118851',0),(135,'163871',0),(135,'224325',0),(135,'241129',1),(135,'242516',0),(135,'315924',0),(135,'424313',0),(135,'445508',0),(135,'491525',0),(135,'503019',1),(135,'596213',0),(135,'703210',1),(135,'741318',0),(135,'828435',0),(135,'841247',0),(135,'875373',0),(136,'154965',0),(136,'185480',1),(136,'291770',0),(136,'294879',0),(136,'310053',0),(136,'314873',1),(136,'406126',0),(136,'482665',0),(136,'524987',0),(136,'564020',0),(136,'564952',1),(136,'598039',0),(136,'622652',0),(136,'666661',0),(136,'874091',1),(136,'886889',0),(136,'913258',0),(136,'943569',0),(137,'123108',1),(137,'166573',0),(137,'198801',0),(137,'239197',1),(137,'296208',1),(137,'444821',0),(137,'459625',1),(137,'498318',0),(137,'734574',1),(137,'923846',1),(138,'169955',0),(138,'176411',0),(138,'253545',0),(138,'503500',1),(138,'544008',0),(138,'560586',0),(138,'569212',0),(138,'600188',1),(138,'627934',1),(138,'633531',0),(138,'650554',0),(138,'712665',1),(138,'724788',1),(138,'727992',0),(138,'756487',1),(138,'764443',0),(138,'787442',1),(138,'823862',1),(138,'833060',1),(138,'841023',1),(139,'176974',0),(139,'185480',0),(139,'224471',0),(139,'225057',0),(139,'239197',0),(139,'348856',0),(139,'503019',0),(139,'788002',0),(140,'135293',0),(140,'234192',1),(140,'284944',0),(140,'314873',0),(140,'330280',1),(140,'496066',0),(140,'677346',0),(140,'678030',0),(140,'756487',0),(140,'799112',0),(141,'108691',0),(141,'123108',0),(141,'296208',0),(141,'328406',0),(141,'337314',0),(141,'348079',1),(141,'627934',0),(141,'640979',0),(141,'645748',0),(141,'823862',0),(141,'874407',0),(141,'918550',0),(142,'241129',0),(142,'570722',1),(142,'614826',1),(142,'703210',0),(142,'734574',0),(142,'745138',1),(143,'329230',0),(143,'350376',0),(143,'352460',0),(143,'354312',1),(143,'459625',0),(143,'491525',1),(143,'560979',1),(143,'564952',0),(143,'676296',1),(143,'874091',0),(143,'923846',0),(143,'937169',1),(144,'118851',1),(144,'137928',1),(144,'148742',0),(144,'310053',1),(144,'491410',0),(144,'535448',0),(144,'622652',1),(144,'693226',0),(144,'717289',0),(144,'841023',0),(144,'905849',0),(145,'246322',1),(145,'253633',0),(145,'291770',1),(145,'294879',1),(145,'406126',1),(145,'445508',1),(145,'503500',0),(145,'564020',1),(145,'600188',0),(145,'669200',0),(145,'712665',0),(145,'720044',1),(145,'722002',0),(145,'724788',0),(145,'741318',1),(145,'787442',0),(145,'833060',0),(145,'833289',0),(145,'875373',1),(145,'886889',1),(145,'913258',1),(145,'995281',1),(146,'166573',1),(146,'239298',1),(146,'253545',1),(146,'343796',1),(146,'436714',1),(146,'482665',1),(146,'498318',1),(146,'560586',1),(146,'569212',1),(146,'587835',0),(146,'625777',1),(146,'633531',1),(146,'650554',1),(146,'656193',0),(146,'727992',1),(146,'764443',1),(146,'908027',0),(146,'930940',0),(146,'932117',0),(146,'943569',1),(146,'996419',1),(147,'238309',0),(147,'264433',0),(147,'361066',0),(147,'451442',0),(147,'541222',0),(147,'565973',0),(147,'606478',0),(147,'682299',0),(147,'874662',0),(147,'904982',0),(147,'908804',0),(147,'914709',0),(148,'212183',0),(148,'267025',0),(148,'318474',1),(148,'377943',0),(148,'482409',0),(148,'543834',1),(148,'611970',0),(148,'787420',0),(148,'996534',0),(149,'129619',0),(149,'141496',0),(149,'221877',0),(149,'333636',1),(149,'427521',1),(149,'468020',1),(149,'493545',0),(149,'613689',0),(149,'725189',0),(149,'868856',1),(149,'899771',0),(150,'172517',1),(150,'176557',0),(150,'216448',0),(150,'240361',0),(150,'259974',0),(150,'838578',1),(150,'858774',0),(150,'985327',0),(151,'136155',1),(151,'196001',0),(151,'221148',0),(151,'244641',0),(151,'364784',0),(151,'415607',0),(151,'429610',0),(151,'449968',0),(151,'580777',0),(151,'590843',1),(151,'598502',1),(151,'676554',0),(151,'863309',1),(151,'955622',1),(151,'985753',0),(152,'114120',1),(152,'144483',0),(152,'209971',1),(152,'330143',1),(152,'472050',0),(152,'528555',0),(152,'538873',0),(152,'560792',1),(152,'675795',0),(152,'731616',1),(152,'747635',0),(152,'752054',0),(152,'801474',1),(152,'863418',0),(152,'880078',1),(153,'132320',1),(153,'153918',0),(153,'191627',1),(153,'192970',0),(153,'212650',0),(153,'233579',1),(153,'310892',1),(153,'333496',1),(153,'385089',0),(153,'640824',0),(153,'646352',0),(153,'703671',1),(153,'709289',0),(153,'714907',1),(153,'809286',0),(153,'862081',0),(153,'866725',1),(153,'873756',0),(153,'962093',0),(153,'976146',0),(154,'127376',1),(154,'241683',1),(154,'293302',0),(154,'378279',1),(154,'408284',0),(154,'411378',1),(154,'432978',1),(154,'453468',0),(154,'464931',1),(154,'474011',1),(154,'483944',0),(154,'508484',0),(154,'532543',1),(154,'636029',0),(154,'649080',0),(154,'729733',0),(154,'784744',0),(154,'884735',1),(154,'936793',0),(154,'937658',1),(155,'126482',0),(155,'172517',0),(155,'318474',0),(155,'330143',0),(155,'378279',0),(155,'397729',0),(155,'543834',0),(155,'601605',0),(155,'689081',0),(155,'736811',0),(155,'801474',0),(155,'866725',0),(155,'868856',0),(155,'879231',0),(155,'914709',1),(155,'915841',0),(155,'969433',0),(156,'114120',0),(156,'132320',0),(156,'209971',0),(156,'333636',0),(156,'427521',0),(156,'468020',0),(156,'598502',0),(156,'609599',0),(156,'654563',0),(156,'810356',0),(156,'874662',1),(157,'136155',0),(157,'193022',0),(157,'316287',0),(157,'511430',0),(157,'714907',0),(157,'731616',0),(157,'796679',0),(157,'838578',0),(157,'863309',0),(157,'955622',0),(158,'127376',0),(158,'149511',0),(158,'433211',0),(158,'590843',0),(158,'858774',1),(158,'955522',0),(159,'129619',1),(159,'150836',0),(159,'191627',0),(159,'202419',0),(159,'221148',1),(159,'259974',1),(159,'310892',0),(159,'432978',0),(159,'466003',0),(159,'486844',0),(159,'560792',0),(159,'725189',1),(159,'880078',0),(159,'974461',0),(160,'154280',0),(160,'233579',0),(160,'238309',1),(160,'251625',0),(160,'333496',0),(160,'377943',1),(160,'411378',0),(160,'580777',1),(160,'703671',0),(160,'884735',0),(160,'904982',1),(161,'141496',1),(161,'176557',1),(161,'216448',1),(161,'241683',0),(161,'356016',0),(161,'401476',0),(161,'451442',1),(161,'464931',0),(161,'474011',0),(161,'497432',0),(161,'528555',1),(161,'532543',0),(161,'554483',0),(161,'579921',0),(161,'646352',1),(161,'672721',0),(161,'675795',1),(161,'862081',1),(161,'873254',0),(161,'908804',1),(161,'937658',0),(161,'966350',0),(162,'293302',1),(162,'321308',0),(162,'408284',1),(162,'453468',1),(162,'483944',1),(162,'541222',1),(162,'636029',1),(162,'649080',1),(162,'666412',0),(162,'676554',1),(162,'709289',1),(162,'766506',0),(162,'784648',0),(162,'863418',1),(162,'936793',1),(162,'952931',0),(162,'962093',1),(162,'970772',0),(162,'976174',0),(163,'117889',0),(163,'237562',0),(163,'302164',0),(163,'311569',0),(163,'319690',0),(163,'329720',0),(163,'396145',0),(163,'602792',0),(163,'610416',0),(163,'624917',0),(163,'633766',0),(163,'643428',0),(163,'645525',0),(163,'745960',0),(163,'885553',0),(163,'906898',0),(163,'916769',0),(164,'217538',0),(164,'251867',0),(164,'297169',0),(164,'448065',0),(164,'497869',0),(164,'502763',0),(164,'507098',0),(164,'551982',0),(164,'578446',1),(164,'799974',0),(164,'887504',0),(164,'976467',0),(164,'986319',0),(165,'109978',0),(165,'128568',0),(165,'219772',0),(165,'457768',0),(165,'468926',0),(165,'605208',0),(165,'656117',0),(165,'681702',0),(165,'797552',0),(165,'810969',0),(165,'816189',0),(165,'828177',0),(166,'220266',0),(166,'292641',0),(166,'311633',0),(166,'335111',0),(166,'366208',0),(166,'430336',0),(166,'462754',0),(166,'479667',0),(166,'716719',1),(166,'787028',0),(166,'813460',0),(166,'886174',0),(166,'930436',1),(167,'100963',0),(167,'120865',0),(167,'124320',1),(167,'322372',0),(167,'470291',0),(167,'641860',1),(167,'689719',0),(167,'693256',1),(167,'744311',0),(167,'895623',0),(167,'981902',0),(168,'110774',0),(168,'203145',0),(168,'324544',0),(168,'467643',1),(168,'526084',0),(168,'549813',1),(168,'705712',1),(168,'815796',0),(168,'894035',1),(168,'910328',0),(168,'949158',1),(169,'143709',0),(169,'166643',0),(169,'168853',1),(169,'317739',1),(169,'391575',0),(169,'425220',1),(169,'494382',1),(169,'511008',0),(169,'559456',1),(169,'559869',0),(169,'651326',0),(169,'687596',0),(169,'687717',1),(169,'696078',1),(169,'711930',1),(169,'716929',1),(169,'814827',0),(169,'822435',1),(169,'916952',0),(170,'127340',0),(170,'160566',0),(170,'161268',0),(170,'220844',1),(170,'222939',0),(170,'296091',1),(170,'371631',0),(170,'396799',1),(170,'411111',0),(170,'444047',0),(170,'454740',1),(170,'469596',1),(170,'551793',1),(170,'573755',0),(170,'653460',1),(170,'686598',1),(170,'778814',1),(170,'827349',0),(170,'829886',0),(170,'856255',1),(170,'888203',1),(170,'896551',1),(170,'905057',1),(170,'924701',1),(170,'924761',1),(170,'977069',1),(170,'983366',0),(171,'161638',0),(171,'237562',1),(171,'306338',0),(171,'545489',0),(171,'578446',0),(171,'645525',1),(171,'696078',0),(171,'717859',0),(171,'783204',0),(171,'894035',0),(172,'168853',0),(172,'251867',1),(172,'329720',1),(172,'405646',0),(172,'643428',1),(172,'799974',1),(172,'817808',0),(172,'898777',0),(172,'982707',0),(173,'124320',0),(173,'350178',0),(173,'573946',0),(173,'612507',0),(173,'641860',0),(173,'716719',0),(173,'716929',0),(173,'745960',1),(173,'930436',0),(173,'986319',1),(174,'220844',0),(174,'234316',0),(174,'296091',0),(174,'311633',1),(174,'529514',0),(174,'530445',0),(174,'549813',0),(174,'551982',1),(174,'602792',1),(174,'624917',1),(174,'633766',1),(174,'687717',0),(174,'693256',0),(174,'705712',0),(174,'782781',0),(174,'886174',1),(174,'924701',0),(174,'949158',0),(175,'203154',0),(175,'308376',0),(175,'317739',0),(175,'425220',0),(175,'430336',1),(175,'448065',1),(175,'467643',0),(175,'469596',0),(175,'507098',1),(175,'551793',0),(175,'553727',0),(175,'605208',1),(175,'656117',1),(175,'778814',0),(175,'816189',1),(175,'896551',0),(175,'954655',0),(176,'102300',0),(176,'396799',0),(176,'403839',0),(176,'454740',0),(176,'468926',1),(176,'494382',0),(176,'532139',0),(176,'559456',0),(176,'711930',0),(176,'815796',1),(176,'822435',0),(176,'828177',1),(176,'845498',0),(176,'905057',0),(176,'924761',0),(177,'201637',0),(177,'292641',1),(177,'457768',1),(177,'470291',1),(177,'591135',0),(177,'653460',0),(177,'686598',0),(177,'687596',1),(177,'741741',0),(177,'797552',1),(177,'856255',0),(177,'888203',0),(177,'910328',1),(177,'916769',1),(177,'977069',0),(178,'100256',0),(178,'128568',1),(178,'160566',1),(178,'161268',1),(178,'222939',1),(178,'311569',1),(178,'380670',0),(178,'411111',1),(178,'423788',0),(178,'509602',0),(178,'526084',1),(178,'573755',1),(178,'681702',1),(178,'696244',0),(178,'814827',1),(178,'816038',0),(178,'887504',1),(178,'907674',0),(178,'916952',1),(179,'111203',0),(179,'497284',0),(179,'591809',0),(179,'602923',0),(179,'885935',0),(180,'179199',0),(180,'288844',0),(180,'296207',0),(180,'307204',0),(180,'693647',0),(180,'752616',0),(180,'806564',0),(180,'901331',0),(180,'929825',0),(180,'985044',0),(181,'110572',1),(181,'269748',0),(181,'375550',1),(181,'410064',0),(181,'472054',1),(181,'555686',1),(181,'597320',0),(181,'610139',0),(181,'673741',0),(181,'799235',1),(181,'825787',0),(181,'858140',0),(181,'955004',0),(182,'103991',1),(182,'201056',1),(182,'235246',0),(182,'310477',1),(182,'386616',1),(182,'514288',0),(182,'584927',0),(182,'640933',0),(182,'707815',0),(182,'724049',0),(182,'789840',1),(182,'791389',1),(182,'902759',1),(182,'986579',0),(183,'103991',0),(183,'313575',0),(183,'555686',0),(183,'644291',0),(183,'658840',0),(183,'741866',0),(183,'789840',0),(183,'799235',0),(184,'103748',0),(184,'110572',0),(184,'111203',1),(184,'201056',0),(184,'375550',0),(184,'386616',0),(184,'414071',0),(184,'472054',0),(184,'591809',1),(184,'635588',0),(184,'693308',0),(184,'695125',0),(184,'976428',0),(185,'310477',0),(185,'470274',0),(185,'602923',1),(185,'791389',0),(185,'825787',1),(185,'901331',1),(185,'902759',0),(185,'985044',1),(186,'294914',0),(186,'296207',1),(186,'307204',1),(186,'514288',1),(186,'587106',0),(186,'597320',1),(186,'610584',0),(186,'640933',1),(186,'671890',0),(186,'693647',1),(186,'955004',1),(187,'214085',0),(187,'223169',0),(187,'226983',0),(187,'276350',0),(187,'399340',0),(187,'603257',0),(187,'611354',0),(187,'846989',0),(188,'231145',1),(188,'235089',1),(188,'236032',1),(188,'270481',0),(188,'313914',1),(188,'338492',0),(188,'370586',0),(188,'415859',0),(188,'501411',0),(188,'543146',0),(188,'570349',0),(188,'587882',0),(188,'591123',0),(188,'697695',0),(188,'773045',0),(188,'884052',0),(188,'963484',0),(189,'118763',1),(189,'122250',0),(189,'136503',1),(189,'149683',0),(189,'154935',0),(189,'171929',1),(189,'180502',0),(189,'207031',0),(189,'285574',0),(189,'294618',1),(189,'307493',1),(189,'335391',0),(189,'379565',0),(189,'413106',1),(189,'423259',0),(189,'462749',1),(189,'522795',0),(189,'659211',1),(189,'742575',0),(189,'770915',1),(189,'979764',1),(190,'118763',0),(190,'174211',0),(190,'214085',1),(190,'231145',0),(190,'235089',0),(190,'236032',0),(190,'294618',0),(190,'307493',0),(190,'313914',0),(190,'557142',0),(190,'958316',0),(191,'136503',0),(191,'171929',0),(191,'223169',1),(191,'284292',0),(191,'334303',0),(191,'336685',0),(191,'348737',0),(191,'413106',0),(191,'462749',0),(191,'543146',1),(191,'640342',0),(191,'659211',0),(191,'770915',0),(191,'979764',0),(192,'154935',1),(192,'164823',0),(192,'176318',0),(192,'180502',1),(192,'207031',1),(192,'232797',0),(192,'270481',1),(192,'276350',1),(192,'335391',1),(192,'338492',1),(192,'379565',1),(192,'399340',1),(192,'523513',0),(192,'773045',1),(192,'846989',1),(192,'863823',0),(192,'963484',1),(193,'197441',0),(193,'304172',0),(193,'376978',0),(193,'405050',0),(193,'531441',0),(193,'536888',0),(193,'538275',0),(193,'540063',0),(193,'626828',0),(193,'639725',0),(193,'857314',0),(193,'859518',0),(193,'876762',0),(194,'106928',0),(194,'152882',1),(194,'177516',0),(194,'452583',1),(194,'643359',0),(194,'699450',0),(194,'716543',0),(194,'735931',0),(194,'773592',0),(194,'874917',0),(195,'316975',0),(195,'339325',0),(195,'506413',0),(195,'542948',1),(195,'627195',1),(195,'681030',1),(195,'716631',1),(195,'832501',1),(195,'834186',1),(195,'859987',1),(195,'886396',0),(195,'934632',1),(195,'970029',1),(195,'971461',0),(196,'152882',0),(196,'223746',0),(196,'247534',0),(196,'276401',0),(196,'304172',1),(196,'425992',0),(196,'452583',0),(196,'542948',0),(196,'627195',0),(196,'832501',0),(196,'934632',0),(196,'942330',0),(196,'996984',0),(197,'149121',0),(197,'200837',0),(197,'468326',0),(197,'538275',1),(197,'562289',0),(197,'626828',1),(197,'639725',1),(197,'681030',0),(197,'716543',1),(197,'716631',0),(197,'735931',1),(197,'834186',0),(197,'859987',0),(197,'970029',0),(198,'368622',0),(198,'390097',0),(198,'506413',1),(198,'536888',1),(198,'667546',0),(198,'699450',1),(198,'766864',0),(198,'773592',1),(198,'859518',1),(198,'971461',1),(198,'980946',0),(199,'125531',0),(199,'183747',0),(199,'252711',0),(199,'266699',0),(199,'300763',0),(199,'325087',0),(199,'564430',0),(199,'677004',0),(199,'833027',0),(199,'892377',0),(200,'123929',1),(200,'129681',0),(200,'372774',0),(200,'636040',0),(200,'713305',0),(200,'974883',0),(200,'983910',1),(201,'192821',1),(201,'313358',0),(201,'408228',0),(201,'434851',1),(201,'469528',0),(201,'563631',0),(201,'574565',1),(201,'575767',0),(201,'614776',0),(201,'619721',1),(201,'850883',0),(201,'918280',0),(201,'948227',0),(202,'129960',0),(202,'137243',1),(202,'150298',0),(202,'211226',0),(202,'215715',0),(202,'266835',1),(202,'439620',0),(202,'503962',0),(202,'524727',0),(202,'553013',1),(202,'624016',1),(202,'675479',0),(202,'774705',1),(202,'798103',0),(202,'799255',0),(202,'801920',1),(202,'863594',0),(202,'907223',0),(202,'961464',0),(203,'113025',0),(203,'123929',0),(203,'151072',0),(203,'247198',0),(203,'300763',1),(203,'325087',1),(203,'574565',0),(203,'677004',1),(203,'679768',0),(203,'723754',0),(203,'798040',0),(203,'833027',1),(203,'983910',0),(204,'192821',0),(204,'361045',0),(204,'372774',1),(204,'389249',0),(204,'434851',0),(204,'553013',0),(204,'619721',0),(204,'713305',1),(204,'774705',0),(205,'129681',1),(205,'137243',0),(205,'168459',0),(205,'183747',1),(205,'252711',1),(205,'263488',0),(205,'266699',1),(205,'266835',0),(205,'624016',0),(205,'636040',1),(205,'801920',0),(205,'826435',0),(206,'215715',1),(206,'280096',0),(206,'502767',0),(206,'524727',1),(206,'575767',1),(206,'675479',1),(206,'798103',1),(206,'863594',1),(206,'918280',1),(206,'948227',1),(206,'982476',0),(207,'208629',0),(207,'215337',0),(207,'353848',0),(207,'386028',0),(207,'727942',0),(207,'778542',0),(207,'811716',0),(207,'870241',0),(207,'927742',0),(208,'151900',0),(208,'280582',0),(208,'539642',0),(208,'807118',0),(209,'138706',0),(209,'210888',1),(209,'271006',1),(209,'359160',1),(209,'410408',0),(209,'473460',1),(209,'474672',0),(209,'549140',1),(209,'702053',0),(209,'724476',0),(209,'845829',0),(209,'971586',1),(210,'112809',0),(210,'210888',0),(210,'282808',0),(210,'288137',0),(210,'353848',1),(210,'359160',0),(210,'386028',1),(210,'532691',0),(210,'782468',0),(210,'863707',0),(210,'953418',0),(210,'971586',0),(211,'151900',1),(211,'215337',1),(211,'271006',0),(211,'473460',0),(211,'539642',1),(211,'549140',0),(211,'568273',0),(211,'727942',1),(211,'739375',0),(211,'807118',1),(211,'873107',0),(212,'410408',1),(212,'430794',0),(212,'474672',1),(212,'702053',1),(212,'724476',1),(212,'740833',0),(212,'811716',1),(212,'845829',1),(212,'927742',1),(213,'214104',0),(213,'443738',0),(213,'708855',0),(213,'947221',0),(213,'958930',0),(214,'234732',0),(214,'235814',0),(214,'400407',0),(214,'474264',0),(214,'687563',0),(214,'758278',0),(214,'758527',0),(214,'763574',0),(214,'773942',0),(214,'820148',0),(214,'822194',1),(214,'849822',0),(214,'963747',1),(214,'979004',0),(215,'122699',0),(215,'168753',0),(215,'218242',0),(215,'259295',0),(215,'271697',0),(215,'277602',0),(215,'307059',0),(215,'382526',1),(215,'430735',0),(215,'517635',0),(215,'568470',0),(215,'575399',0),(215,'631398',0),(215,'719259',0),(215,'884114',0),(215,'884523',0),(215,'980922',0),(216,'239422',0),(216,'241913',0),(216,'242844',0),(216,'343397',1),(216,'459733',0),(216,'505127',0),(216,'582173',1),(216,'615948',0),(216,'626744',0),(216,'684873',0),(216,'710886',0),(216,'717784',1),(216,'785972',0),(216,'802945',0),(216,'809235',0),(216,'871807',1),(216,'902869',1),(216,'973589',1),(216,'991490',0),(217,'163422',0),(217,'168183',0),(217,'175304',0),(217,'180910',0),(217,'343397',0),(217,'447517',0),(217,'548936',0),(217,'589108',0),(217,'651009',0),(217,'813121',0),(217,'822194',0),(217,'947221',1),(217,'963747',0),(218,'234732',1),(218,'254081',0),(218,'306769',0),(218,'343297',0),(218,'382526',0),(218,'708855',1),(218,'750583',0),(218,'871807',0),(219,'150419',0),(219,'155526',0),(219,'217125',0),(219,'277602',1),(219,'305099',0),(219,'400407',1),(219,'558577',0),(219,'568470',1),(219,'582173',0),(219,'687563',1),(219,'717784',0),(219,'779386',0),(219,'884523',1),(219,'902869',0),(219,'973589',0),(220,'259295',1),(220,'271697',1),(220,'307059',1),(220,'430735',1),(220,'499632',0),(220,'516774',0),(220,'626744',1),(220,'631398',1),(220,'684873',1),(220,'710886',1),(220,'773942',1),(220,'785972',1),(220,'809235',1),(220,'820148',1),(220,'884114',1),(220,'889855',0),(220,'931610',0),(221,'191353',0),(221,'447902',0),(221,'463316',0),(221,'479300',0),(221,'493377',0),(221,'636437',0),(221,'726481',0),(221,'822969',0),(221,'950008',0),(222,'208437',1),(222,'267781',0),(222,'287436',0),(222,'294844',0),(222,'401126',0),(222,'432967',1),(222,'707891',1),(222,'753658',0),(223,'113585',0),(223,'162645',0),(223,'198831',1),(223,'262397',1),(223,'299190',1),(223,'317548',1),(223,'383499',0),(223,'417612',0),(223,'435607',1),(223,'535166',0),(223,'674754',0),(223,'692857',0),(223,'739469',1),(223,'815712',0),(223,'857015',1),(223,'906176',0),(224,'208437',0),(224,'209273',0),(224,'415442',0),(224,'432967',0),(224,'447902',1),(224,'707891',0),(224,'739469',0),(224,'857015',0),(224,'914143',0),(225,'198831',0),(225,'262397',0),(225,'280724',0),(225,'294844',1),(225,'299190',0),(225,'317548',0),(225,'435607',0),(225,'636437',1),(225,'726481',1),(225,'822969',1),(226,'139562',0),(226,'162645',1),(226,'180863',0),(226,'267781',1),(226,'287436',1),(226,'383499',1),(226,'401126',1),(226,'418277',0),(226,'479300',1),(226,'535166',1),(226,'692857',1),(226,'753658',1),(226,'865144',0),(226,'885511',0);
/*!40000 ALTER TABLE `flight_booking` ENABLE KEYS */;
UNLOCK TABLES;

--
-- Table structure for table `passenger`
--

DROP TABLE IF EXISTS `passenger`;
/*!40101 SET @saved_cs_client     = @@character_set_client */;
/*!50503 SET character_set_client = utf8mb4 */;
CREATE TABLE `passenger` (
  `passenger_ID` int NOT NULL AUTO_INCREMENT,
  `first_name` varchar(255) DEFAULT NULL,
  `last_name` varchar(255) DEFAULT NULL,
  `booking_no` varchar(10) DEFAULT NULL,
  `title` varchar(5) DEFAULT NULL,
  PRIMARY KEY (`passenger_ID`),
  KEY `booking_no` (`booking_no`),
  CONSTRAINT `passenger_ibfk_3` FOREIGN KEY (`booking_no`) REFERENCES `booking` (`booking_no`)
) ENGINE=InnoDB AUTO_INCREMENT=2768 DEFAULT CHARSET=utf8mb4 COLLATE=utf8mb4_0900_ai_ci;
/*!40101 SET character_set_client = @saved_cs_client */;

--
-- Dumping data for table `passenger`
--

LOCK TABLES `passenger` WRITE;
/*!40000 ALTER TABLE `passenger` DISABLE KEYS */;
INSERT INTO `passenger` VALUES (3,'Mary','Smith','987654','Mrs'),(5,'Brandon','J','987654','Mr'),(6,'Norma','Foley','522558','Ms'),(7,'Simon','Harris','522558','Mr'),(10,'Donald','Trump','600920','Mr'),(11,'Kamala','Harris','600920','Mrs'),(12,'Nancy','Rasmussen','651009','Ms'),(13,'Liana','Rowland','651009','Mrs'),(14,'Rose','Huerta','651009','Mr'),(15,'Eloise','Fitzgerald','443738','Mr'),(16,'Nikolai','Castro','443738','Mrs'),(17,'Elodie','Tanner','443738','null'),(18,'Mariam','Person','401476','Mrs'),(19,'Joey','Davidson','401476','Ms'),(20,'Frankie','Cisneros','968421','Mr'),(21,'Kimora','Cherry','968421','Ms'),(22,'Briggs','Robinson','152882','Mrs'),(23,'Ariya','Brooks','152882','null'),(24,'Giuliana','Payne','152882','Ms'),(25,'Briar','Ali','152882','Ms'),(26,'Natalia','Ball','152882','Mr'),(27,'Quinn','Vincent','974833','Mrs'),(28,'Khalani','Crosby','974833','Mr'),(29,'Liberty','Booth','436714','null'),(30,'Ishaan','Alvarez','436714','null'),(31,'Brianna','Jacobson','436714','Mr'),(32,'Kara','Carroll','445508','null'),(33,'Ryder','Brennan','445508','Mr'),(34,'Axl','Walls','445508','Ms'),(35,'Ophelia','Ingram','445508','null'),(36,'Jemma','Vaughan','445508','Mr'),(37,'Marceline','McCullough','180502','Mr'),(38,'Lily','Hicks','180502','null'),(39,'Ace','Bartlett','180502','Mr'),(40,'Juliana','Richardson','355446','null'),(41,'Angelo','Salazar','686598','Ms'),(42,'Cesar','Moran','686598','Mrs'),(43,'Azariah','Gibson','686598','Ms'),(44,'Josiah','Nava','686598','Mrs'),(45,'Freya','George','686598','Ms'),(46,'Oaklee','Hill','879231','Ms'),(47,'Jose','Weeks','879231','Mr'),(48,'Alijah','Reeves','472050','Mrs'),(49,'Paige','Burns','472050','Mr'),(50,'Finnegan','Jensen','472050','Mr'),(51,'Saint','Heath','299326','null'),(52,'Gael','Valenzuela','299326','Mr'),(53,'Capri','Finley','299326','Ms'),(54,'Javier','Briggs','681702','Ms'),(55,'Dominic','Roach','681702','Mrs'),(56,'Winston','Lindsey','822435','null'),(57,'Estella','Suarez','898777','Ms'),(58,'Allyson','Guevara','898777','Mr'),(59,'Miriam','McCoy','898777','null'),(60,'Carson','Rivers','898777','Mr'),(61,'Beckham','Henderson','570722','Mr'),(62,'Laura','Morrow','570722','Ms'),(63,'June','Hanson','326684','Mrs'),(64,'Skyler','Robbins','326684','Mr'),(65,'Cataleya','Calhoun','326684','null'),(66,'Kylan','Hutchinson','693308','Mrs'),(67,'Carly','Mills','693308','null'),(68,'Amani','McLean','693308','null'),(69,'Camden','Villegas','675479','null'),(70,'Emmitt','Brock','675479','Ms'),(71,'Marlee','Gibbs','675479','null'),(72,'Kiara','Matthews','675479','Mr'),(73,'Jolie','Rivera','315924','Ms'),(74,'Malaysia','Montgomery','315924','null'),(75,'Artemis','Ward','315924','Mrs'),(76,'Harlow','Sloan','600737','null'),(77,'Elaine','Vang','337314','Mr'),(78,'Shepard','Avalos','337314','Mrs'),(79,'Megan','Palmer','337314','Ms'),(80,'Bellamy','Richard','222939','Mr'),(81,'Amirah','Robertson','222939','Mr'),(82,'Griffin','Lopez','222939','Mr'),(83,'Serenity','Steele','222939','Mrs'),(84,'Mack','Spears','735931','Ms'),(85,'Brooklynn','Zhang','735931','null'),(86,'Landen','Cannon','735931','Mr'),(87,'Madalyn','West','735931','Mrs'),(88,'Theodora','Conrad','311569','Ms'),(89,'Marcelo','Cuevas','169955','Mrs'),(90,'Liam','Shah','169955','null'),(91,'Kimber','Owens','169955','Mrs'),(92,'Greyson','Hartman','169955','null'),(93,'Rome','Barajas','598039','Mrs'),(94,'Elisa','House','598039','Ms'),(95,'Finnley','Huffman','916769','null'),(96,'Niklaus','Friedman','916769','null'),(97,'Elisa','House','285574','Mrs'),(98,'Mauricio','Espinosa','285574','Ms'),(99,'Frances','Barker','432967','Mrs'),(100,'Briggs','Robinson','696078','Ms'),(101,'Jason','Ahmed','696078','Mrs'),(102,'Avery','Petersen','330143','Ms'),(103,'Case','Mitchell','330143','null'),(104,'Wells','Callahan','532139','null'),(105,'Laila','Vaughn','532139','Ms'),(106,'Hunter','Winters','307059','Mrs'),(107,'Elsie','Webb','307059','null'),(108,'Karter','Buckley','307059','Ms'),(109,'Mira','Burton','622652','Mr'),(110,'Marlee','Gibbs','622652','null'),(111,'Preston','Drake','622652','Mrs'),(112,'Marceline','McCullough','971586','null'),(113,'Maeve','Barrett','602792','Mrs'),(114,'Anastasia','Jarvis','707891','Ms'),(115,'Jemma','Vaughan','707891','null'),(116,'Freya','George','707891','null'),(117,'Callan','Butler','707891','Mrs'),(118,'Amari','Alvarado','810356','Mr'),(119,'Fiona','Maldonado','810356','null'),(120,'Josiah','Flowers','810356','Mrs'),(121,'Carl','Abbott','754054','Mrs'),(122,'Mark','Floyd','754054','Ms'),(123,'Eloise','Fitzgerald','754054','Ms'),(124,'Malayah','Brennan','754054','null'),(125,'Soren','Malone','825787','null'),(126,'Riggs','Patel','825787','Ms'),(127,'Alvin','Smith','868856','Mr'),(128,'Skye','Hart','868856','Ms'),(129,'Kobe','Owens','868856','Mrs'),(130,'Eden','Fry','677346','null'),(131,'Idris','Dominguez','677346','Mrs'),(132,'Elisa','Ali','677346','Mrs'),(133,'Legend','Thornton','677346','Mr'),(134,'Remington','McFarland','720048','Mrs'),(135,'Eva','McCall','118851','Mr'),(136,'Adriana','Long','118851','null'),(137,'Liam','Shah','118851','Mr'),(138,'Elaine','Vang','118851','Ms'),(139,'Oaklynn','Dennis','118851','Ms'),(140,'Kamari','Lugo','287436','null'),(141,'Araceli','Schaefer','287436','Mrs'),(142,'Arianna','Pratt','983366','Mrs'),(143,'Bridget','Cruz','983366','Mrs'),(144,'Hadassah','Randolph','983366','null'),(145,'Celine','Ramsey','591135','null'),(146,'Diego','Newman','591135','Ms'),(147,'Jakob','Rodgers','511430','null'),(148,'Alaia','Becker','511430','Ms'),(149,'Olivia','Fields','589108','Ms'),(150,'Bridget','Cruz','589108','null'),(151,'Flora','Aguilar','543834','Mr'),(152,'Valerie','Aguilar','543834','null'),(153,'Alvin','Smith','543834','Ms'),(154,'Lucas','Howell','543834','null'),(155,'Curtis','Higgins','199935','null'),(156,'Noa','Kane','199935','Mr'),(157,'Shiloh','Bell','199935','Ms'),(158,'Oaklee','Barnett','199935','Ms'),(159,'Bodie','Walker','523900','null'),(160,'Karen','Mendoza','263488','Ms'),(161,'Matthias','Rivers','823395','Ms'),(162,'Brooke','Waters','823395','Mrs'),(163,'Enoch','Jones','823395','Ms'),(164,'Callan','Butler','854700','Mr'),(165,'Alana','Bernal','282808','Mr'),(166,'Roman','Avila','282808','Mrs'),(167,'Brock','Henderson','282808','Mr'),(168,'Waverly','Cole','132320','null'),(169,'Shiloh','Hancock','132320','Mr'),(170,'Maxton','Camacho','132320','Mrs'),(171,'Raphael','Hodge','132320','Mr'),(172,'Axl','Walls','132320','null'),(173,'Brinley','McCullough','470274','Mrs'),(174,'Arya','Decker','470274','Mrs'),(175,'Kamiyah','Warren','470274','Mrs'),(176,'Isla','Duarte','625777','Mr'),(177,'Nora','Sharp','625777','Ms'),(178,'Dayton','Rivers','625777','Mr'),(179,'Bria','Parker','321308','Ms'),(180,'Gemma','Malone','321308','null'),(181,'Coraline','Dalton','447517','Ms'),(182,'Stephen','Hood','447517','Mr'),(183,'Isaiah','Buckley','666412','Mrs'),(184,'Zoe','Robbins','816038','Mr'),(185,'Jayla','Reese','816038','null'),(186,'Oaklynn','Sandoval','816038','null'),(187,'Delilah','Williamson','816038','Ms'),(188,'Kara','Williamson','816038','Ms'),(189,'Karen','Mendoza','600188','Mr'),(190,'Summer','Quinn','600188','Mrs'),(191,'Kataleya','Romero','310477','null'),(192,'Luis','Johnston','310477','Mrs'),(193,'Diana','Atkins','310477','Mrs'),(194,'Genesis','Heath','983910','Mrs'),(195,'Mariam','Bradley','983910','Mrs'),(196,'Gemma','Malone','983910','null'),(197,'Murphy','Meyers','983910','null'),(198,'Brantley','Delacruz','123929','Mr'),(199,'Finnegan','Barker','123929','Ms'),(200,'Moses','Palacios','856255','null'),(201,'Fletcher','Blair','856255','Mrs'),(202,'Karen','Mendoza','856255','Ms'),(203,'Johan','Jackson','856255','Mr'),(204,'Maximus','Morgan','856255','Mrs'),(205,'Evie','Villanueva','259295','null'),(206,'Karen','Gardner','996534','Mr'),(207,'Violet','Knox','996534','Ms'),(208,'Bianca','Romero','996534','Mrs'),(209,'Jane','Orozco','996534','Mr'),(210,'Zelda','Beltran','695125','Mr'),(211,'Deacon','Cooper','695125','Ms'),(212,'Alessandro','Donovan','695125','Ms'),(213,'Ishaan','Salas','695125','Mr'),(214,'Troy','Heath','190928','Mrs'),(215,'Ulises','Guzman','190928','Mrs'),(216,'Lyanna','Good','849822','Mrs'),(217,'Crystal','Patton','849822','Mrs'),(218,'Solomon','Montes','849822','null'),(219,'Summer','Vargas','849822','Mrs'),(220,'Amani','Lynn','849822','null'),(221,'Langston','Morrison','969433','null'),(222,'Waverly','Terrell','969433','Mr'),(223,'Hattie','Palacios','969433','Mr'),(224,'Easton','Macias','549140','Mrs'),(225,'Raegan','Burns','549140','Ms'),(226,'Landyn','Mann','574565','Ms'),(227,'Johan','Jackson','574565','Ms'),(228,'Noe','Wade','774705','Ms'),(229,'August','Patton','774705','Ms'),(230,'Tyler','Douglas','774705','Mrs'),(231,'Sasha','Vega','774705','Mr'),(232,'Alvin','Smith','557142','Mr'),(233,'Eithan','Washington','557142','Mrs'),(234,'Morgan','Lane','557142','null'),(235,'Kaylee','Keller','551982','null'),(236,'Mathew','Fox','905849','Mr'),(237,'Preston','Hamilton','905849','null'),(238,'Leandro','Boyer','731616','null'),(239,'Lee','Waller','731616','Mrs'),(240,'Juliana','McLean','822194','Mrs'),(241,'Oaklynn','Dennis','307493','Ms'),(242,'Marlon','Mathews','307493','null'),(243,'Korbyn','Pugh','937169','Mrs'),(244,'Lucas','Howell','937169','null'),(245,'Dylan','Wallace','937169','Mrs'),(246,'Liam','Henry','545489','Mr'),(247,'Chaim','Beard','453468','Mrs'),(248,'Isaiah','Buckley','453468','Mr'),(249,'Londyn','Shepherd','453468','null'),(250,'Dominick','Crawford','110572','null'),(251,'Clayton','Dudley','110572','Mrs'),(252,'Nylah','Walton','110572','Mrs'),(253,'Keenan','Buckley','110572','Mr'),(254,'Lola','McKay','118763','Mr'),(255,'Keanu','Wright','118763','null'),(256,'Levi','Kennedy','924508','null'),(257,'Ronin','Eaton','924508','null'),(258,'Giuliana','Payne','924508','null'),(259,'Paola','McClure','924508','Mrs'),(260,'Khalani','Crosby','514288','Mrs'),(261,'Kiaan','Hickman','514288','Ms'),(262,'Mazikee','Velazquez','514288','Ms'),(263,'Zechariah','Harrison','514288','null'),(264,'Kobe','Owens','514288','Mrs'),(265,'Ander','Benson','568273','Mrs'),(266,'Gael','Valenzuela','210920','Mrs'),(267,'Jett','Reyes','210920','Mrs'),(268,'Katelyn','Daniels','150298','Mrs'),(269,'Jasmine','Barber','150298','null'),(270,'Graham','Nava','602924','Mr'),(271,'Charles','Lee','602924','Mrs'),(272,'Ace','Bartlett','472054','Ms'),(273,'Peyton','Vincent','472054','Ms'),(274,'Mauricio','Mejia','863309','Ms'),(275,'Alex','Leonard','591123','null'),(276,'Lilian','Guerra','591123','null'),(277,'Seven','Santos','591123','Mrs'),(278,'Angelica','Kerr','591123','null'),(279,'Yusuf','Mayo','942330','Mrs'),(280,'Rhys','Boone','144204','Ms'),(281,'Addilynn','Chavez','144204','null'),(282,'Saylor','Williamson','144204','Mrs'),(283,'Aleena','McGee','874917','Mr'),(284,'Gabriel','Pitts','139562','null'),(285,'Nehemiah','Fuller','139562','Mrs'),(286,'Johan','Jackson','370586','null'),(287,'Azalea','Watson','370586','Mr'),(288,'Morgan','Lane','370586','Mr'),(289,'Coraline','Dalton','370586','Mrs'),(290,'Rosa','Russo','374041','Mrs'),(291,'Hamza','Frank','374041','Mr'),(292,'Tyler','Douglas','678030','null'),(293,'Alan','Booker','935199','Ms'),(294,'Trinity','Charles','935199','Mr'),(295,'Zyaire','Willis','971516','Mrs'),(296,'Savanna','Rivera','971516','Mr'),(297,'Zechariah','Vincent','971516','null'),(298,'Khalil','Macdonald','971516','Ms'),(299,'Theo','Rubio','549813','Mr'),(300,'Ezra','Le','549813','Mrs'),(301,'Skyler','Waters','549813','Mr'),(302,'Arianna','Pratt','549813','Mrs'),(303,'Brock','Cherry','711930','null'),(304,'Thaddeus','Charles','711930','null'),(305,'David','Cervantes','711930','null'),(306,'Alvin','Smith','610139','Ms'),(307,'Katelyn','Daniels','610139','Mr'),(308,'Tanner','Ayala','610139','null'),(309,'Amias','McLaughlin','490199','Ms'),(310,'Alvin','Smith','490199','Mr'),(311,'Remington','McFarland','490199','Mr'),(312,'Jane','Orozco','872374','Ms'),(313,'Paula','Paul','872374','Ms'),(314,'Kara','Williamson','872374','Mr'),(315,'Crosby','Moody','659709','Mrs'),(316,'Skyler','Robbins','659709','Mrs'),(317,'Arya','Decker','163422','Mrs'),(318,'Whitley','Kane','163422','Mr'),(319,'Helena','Horn','163422','Ms'),(320,'Skyler','Robbins','403689','null'),(321,'Isabela','McLaughlin','403689','Ms'),(322,'Atreus','James','688761','null'),(323,'Michelle','McKee','688761','null'),(324,'Shiloh','Hancock','266548','Mr'),(325,'Theodora','Conrad','266548','Mrs'),(326,'Evan','Fernandez','266548','Ms'),(327,'Sylvie','Morrison','684873','null'),(328,'Houston','Peralta','684873','Mr'),(329,'Phoenix','Winters','684873','null'),(330,'Roman','Avila','684873','Ms'),(331,'Graham','Nava','382526','null'),(332,'Caiden','Ashley','158332','Mr'),(333,'Karen','Burke','137243','Mrs'),(334,'Capri','Finley','137243','Ms'),(335,'Ledger','Cook','734574','Ms'),(336,'Joey','Davidson','235089','Ms'),(337,'Mathew','Fox','235089','null'),(338,'Kataleya','Estrada','235089','null'),(339,'Jax','Watkins','458895','null'),(340,'Bjorn','Gallegos','458895','Mrs'),(341,'Anaya','Esparza','511008','Mrs'),(342,'Aubrielle','Riley','511008','Ms'),(343,'Mylo','Huynh','511008','Ms'),(344,'Jeremy','Daniels','511008','Mr'),(345,'Charles','Malone','237832','Ms'),(346,'Simon','Lucas','237832','Mr'),(347,'Armani','Phelps','237832','Mr'),(348,'Oaklee','Graham','597320','Mrs'),(349,'June','Montoya','503962','Mrs'),(350,'Marcelo','Cuevas','503962','Mrs'),(351,'Wynter','Mack','503962','null'),(352,'Crosby','Santana','426802','Ms'),(353,'Jenna','Ramirez','426802','Mrs'),(354,'Freya','Lugo','426802','null'),(355,'Nathaniel','Norris','242516','Mrs'),(356,'Rory','Silva','242516','Mrs'),(357,'Ophelia','Ingram','242516','Ms'),(358,'Adelina','Avalos','242516','Mr'),(359,'Helena','Horn','277119','Ms'),(360,'Seven','Good','277119','Ms'),(361,'Koda','Lynch','277119','Mr'),(362,'Calum','Rice','277119','Ms'),(363,'Noah','Hammond','277119','Ms'),(364,'Angelo','Townsend','253817','Mr'),(365,'Dior','Todd','631398','Mr'),(366,'Aylin','Wilkins','631398','Ms'),(367,'Emerson','Proctor','631398','Mrs'),(368,'Rayden','Fletcher','556569','null'),(369,'Mckenna','Hardy','556569','null'),(370,'Celeste','Ayala','556569','Ms'),(371,'Leland','Robertson','505127','null'),(372,'Amira','Hancock','505127','Ms'),(373,'Julien','Mejia','505127','Ms'),(374,'Davian','Burns','735189','Mrs'),(375,'Elise','Solis','735189','Ms'),(376,'Saoirse','Chambers','735189','Mrs'),(377,'Marlee','Lee','203145','Mr'),(378,'Fletcher','Blair','203145','Ms'),(379,'Royalty','O’Connor','658840','null'),(380,'Jemma','Vaughan','658840','null'),(381,'Haisley','George','885553','Mrs'),(382,'Luciano','Hawkins','885553','null'),(383,'Atticus','Spencer','885553','Ms'),(384,'Kenia','Wyatt','714907','Mrs'),(385,'Mariam','Person','714907','Mr'),(386,'Solomon','Lane','714907','Ms'),(387,'Theodora','Jennings','466003','Mr'),(388,'Claire','Paul','466003','Mr'),(389,'Emiliano','Travis','466003','null'),(390,'Kobe','Owens','466003','null'),(391,'Alia','Bradford','284292','Mrs'),(392,'Coen','Dickson','284292','Ms'),(393,'Elodie','Tanner','284292','Mr'),(394,'Ben','Vance','111763','Ms'),(395,'Cain','Quintana','111763','null'),(396,'Hunter','Winters','111763','Mrs'),(397,'Santos','Simpson','111763','null'),(398,'Mccoy','Yu','913258','Mrs'),(399,'Yara','Lang','913258','Mrs'),(400,'Madilynn','Arellano','913258','Mrs'),(401,'Simon','Lucas','913258','Ms'),(402,'Dylan','Cummings','381293','Mrs'),(403,'Coen','Coffey','381293','null'),(404,'Kylian','Pearson','381293','Mr'),(405,'Richard','Le','381293','Ms'),(406,'Sasha','Vega','554483','null'),(407,'Capri','Finley','554483','null'),(408,'Zahra','Lucero','554483','Ms'),(409,'Bianca','Romero','587106','Ms'),(410,'Malakai','Fischer','587106','Ms'),(411,'Gary','McCarty','587106','Mr'),(412,'Olive','McDonald','423788','Ms'),(413,'Saylor','Dudley','423788','Mrs'),(414,'Ty','Ortiz','322372','Mr'),(415,'Jessica','Lester','322372','Ms'),(416,'Hadley','Strong','322372','Ms'),(417,'Barrett','Snow','379565','null'),(418,'Austin','Myers','379565','Mrs'),(419,'Maisie','Holt','379565','Mrs'),(420,'Kylan','Hutchinson','379565','Mrs'),(421,'Celeste','Ayala','745138','Ms'),(422,'Amias','McLaughlin','633766','Mrs'),(423,'Robin','Mullen','696244','Ms'),(424,'Octavia','Ruiz','696244','Mr'),(425,'Azariah','Gibson','696244','Ms'),(426,'Saylor','Dudley','174211','Ms'),(427,'Soren','Malone','174211','Ms'),(428,'Ledger','Cook','174211','Mrs'),(429,'Elliott','Sloan','174211','null'),(430,'Zuri','Hanson','638735','null'),(431,'Lydia','Wood','638735','Ms'),(432,'Atticus','Fitzpatrick','638735','Mrs'),(433,'Kali','Cobb','624917','Mrs'),(434,'Bo','Bridges','624917','Mrs'),(435,'Jasmine','Barber','624917','Mr'),(436,'Amiyah','Gill','624917','null'),(437,'Marceline','McCullough','896551','null'),(438,'Corey','Kirk','896551','null'),(439,'Kylian','Pearson','467105','Mrs'),(440,'Elodie','Tanner','467105','Mrs'),(441,'Preston','Hamilton','874091','Mr'),(442,'Delilah','Williamson','874091','null'),(443,'Liam','Henry','396799','Mr'),(444,'Legacy','Garza','396799','Ms'),(445,'Sylvie','Morrison','447902','Mr'),(446,'Colette','Dickson','447902','Ms'),(447,'Emiliano','Salazar','447902','Mr'),(448,'Nehemiah','Fisher','447902','Mrs'),(449,'Martha','Becker','564952','Ms'),(450,'Jesse','Solis','564952','Mrs'),(451,'Jaylin','Atkins','564952','Ms'),(452,'Oaklee','Hill','564952','Ms'),(453,'Giovanni','Burton','336685','Mr'),(454,'Holly','Cabrera','375075','Mr'),(455,'Esther','McKay','375075','Mr'),(456,'Sage','Barry','679768','Mrs'),(457,'Oliver','Russo','679768','Mrs'),(458,'Celine','Ramsey','679768','Mrs'),(459,'Jaxen','Hodges','679768','Ms'),(460,'Jane','Orozco','411111','Mrs'),(461,'Colin','Hamilton','348079','null'),(462,'June','Hanson','348079','Mr'),(463,'Sutton','Hensley','348079','Mrs'),(464,'Houston','Gallegos','348079','null'),(465,'Valentin','Krueger','125531','Mr'),(466,'Addisyn','Villarreal','125531','Ms'),(467,'Damir','Gonzalez','125531','Mrs'),(468,'Marina','Boone','311633','Mrs'),(469,'Talia','Kramer','752616','Mr'),(470,'Adam','Browning','752616','Mrs'),(471,'Marceline','McCullough','910328','Mr'),(472,'Yusuf','Hurley','910328','null'),(473,'Judson','Kim','223746','Mr'),(474,'Helen','Mosley','223746','Ms'),(475,'Mateo','Leach','224325','null'),(476,'Siena','Castillo','224325','Mr'),(477,'Kaylee','Keller','716929','Ms'),(478,'Brock','Cherry','716929','null'),(479,'Yaretzi','Rivera','716929','Ms'),(480,'Gemma','Malone','716929','Mr'),(481,'Seven','Santos','438377','Ms'),(482,'Amber','Mann','438377','Mrs'),(483,'Brennan','Morgan','438377','Ms'),(484,'Miley','Porter','886174','Mrs'),(485,'Mabel','Wall','886174','Mrs'),(486,'Sage','Barry','886174','Mr'),(487,'Ledger','Cook','886174','Ms'),(488,'Kaiden','Horne','209971','Mr'),(489,'Kylian','Pearson','468326','Mrs'),(490,'Sawyer','Grant','181911','Ms'),(491,'Gael','Valenzuela','181911','null'),(492,'Adelina','Spencer','181911','Ms'),(493,'Lucas','Mora','563631','Mrs'),(494,'Alan','Booker','563631','Ms'),(495,'Moses','Palacios','207031','Mrs'),(496,'Eden','Fry','207031','Ms'),(497,'Theodora','Jennings','862081','null'),(498,'Megan','Dorsey','862081','Ms'),(499,'Elliot','Glenn','862081','Mrs'),(500,'Stetson','Buckley','862081','Mrs'),(501,'Allyson','George','862081','Ms'),(502,'Anaya','Esparza','862081','Mr'),(503,'Reign','Fitzgerald','859518','Ms'),(504,'Halo','Hebert','859518','null'),(505,'Raphael','Hodge','423259','Mr'),(506,'Madeline','Hinton','423259','Mr'),(507,'Elian','Rollins','272755','Ms'),(508,'Koda','Lynch','272755','Ms'),(509,'Gabriel','Pitts','272755','Mr'),(510,'Luis','Johnston','488751','Mrs'),(511,'Scarlett','Boyle','488751','Ms'),(512,'Ezekiel','Bowman','488751','null'),(513,'Atticus','Spencer','111203','Mr'),(514,'Artemis','Ward','111203','null'),(515,'Raelynn','Sandoval','111203','Ms'),(516,'Kennedi','Roberts','111203','Mr'),(517,'Harlow','Sloan','923846','Mr'),(518,'Elisa','Ali','923846','Mr'),(519,'Maeve','Barrett','923846','null'),(520,'Marceline','McCullough','923846','Mrs'),(521,'Megan','Marshall','945351','Mrs'),(522,'Coraline','Dalton','945351','Ms'),(523,'Bria','Parker','945351','Ms'),(524,'Amy','Nguyen','945351','Ms'),(525,'Rylan','Bass','955522','Ms'),(526,'Rey','Decker','955522','null'),(527,'Myla','Jarvis','724476','Ms'),(528,'Ellis','Cook','168459','Mr'),(529,'Declan','Vasquez','168459','Mr'),(530,'Ace','Bartlett','168459','Mrs'),(531,'Harlow','Foley','168459','Mr'),(532,'Kai','Le','168459','Mrs'),(533,'Milo','Rich','870241','null'),(534,'Reese','Tyler','870241','Mr'),(535,'Jason','Ahmed','559869','Mr'),(536,'Chelsea','McDowell','559869','null'),(537,'Ezekiel','Bowman','796679','Ms'),(538,'Lawson','Barnett','796679','Mr'),(539,'Damien','Ryan','796679','Ms'),(540,'Briar','Ali','316287','null'),(541,'Karen','Gardner','316287','null'),(542,'Belle','Wilkinson','316287','null'),(543,'Alexandria','Blevins','377943','Ms'),(544,'Tinsley','Espinosa','377943','Ms'),(545,'Karter','Lam','377943','null'),(546,'Reese','Reed','702053','Mr'),(547,'Chelsea','McDowell','702053','null'),(548,'Ari','Franklin','702053','null'),(549,'Mariah','Frost','702053','null'),(550,'Navy','Hensley','702053','Mr'),(551,'Ruben','Stafford','508484','Mr'),(552,'Seven','Santos','508484','null'),(553,'Juliana','McLean','508484','Mrs'),(554,'Kynlee','Vazquez','494382','Ms'),(555,'Esther','McKay','494382','Ms'),(556,'Kara','Williamson','494382','null'),(557,'Boone','Moss','916319','Mr'),(558,'Caiden','Hancock','916319','null'),(559,'Camden','Villegas','916319','Mrs'),(560,'Marlon','Alfaro','519729','Ms'),(561,'Guillermo','Dawson','519729','Mr'),(562,'Mckenna','Hardy','954655','null'),(563,'Braylee','Barrett','954655','Mrs'),(564,'Dylan','Cummings','954655','Mr'),(565,'Marlon','Alfaro','705712','Mrs'),(566,'Amani','Xiong','705712','Mrs'),(567,'Moses','Palacios','591809','null'),(568,'Koda','Lynch','591809','null'),(569,'Sunny','Barr','591809','null'),(570,'Kara','Williamson','124320','Mrs'),(571,'Rosemary','Stevenson','124320','null'),(572,'Ryder','Brennan','124320','Mr'),(573,'Elodie','Tanner','343297','Ms'),(574,'Elise','Solis','799255','Mr'),(575,'Angelo','Townsend','799255','Ms'),(576,'Gabriella','Fletcher','799255','Mrs'),(577,'Quinn','Vincent','828435','null'),(578,'Rosemary','Stevenson','828435','Ms'),(579,'Marceline','McCullough','949158','Mr'),(580,'Paloma','Nash','517635','Mrs'),(581,'Colette','Dickson','517635','Ms'),(582,'Katelyn','Dorsey','797552','Ms'),(583,'Yusuf','Hurley','797552','Mrs'),(584,'Mae','Mills','797552','Mrs'),(585,'Mariam','Person','797552','Mrs'),(586,'Colette','Dickson','834186','null'),(587,'Nala','Morales','834186','Ms'),(588,'Lawson','Barnett','834186','Ms'),(589,'Aubrielle','Riley','834186','Ms'),(590,'Bo','Bridges','834186','Mrs'),(591,'Shepherd','Hodge','955622','Mrs'),(592,'Zechariah','Ballard','955622','Ms'),(593,'Nathaniel','Kirby','955622','Mr'),(594,'Amari','Alvarado','223169','Mr'),(595,'Finnley','Huffman','223169','Mr'),(596,'Jameson','Christian','223169','Mr'),(597,'Alvin','Smith','223169','null'),(598,'Dylan','Cummings','223169','Mr'),(599,'Chaya','Roberson','313575','Mrs'),(600,'Elora','Soto','313575','Mrs'),(601,'Moises','Franco','313575','Mr'),(602,'Joey','Meza','149683','Mrs'),(603,'Jack','Salinas','149683','Ms'),(604,'Bryson','Maynard','149683','Ms'),(605,'Lawson','Pace','149683','Ms'),(606,'Alana','Bernal','560586','Ms'),(607,'Alayna','Doyle','560586','Mr'),(608,'Roselyn','Smith','560586','Ms'),(609,'Palmer','Lynn','314873','null'),(610,'Kiana','Finley','314873','Mr'),(611,'Jace','Baxter','716631','Mr'),(612,'Coraline','Nelson','716631','null'),(613,'Marlon','Mathews','716631','Mr'),(614,'Angelo','Salazar','676296','Ms'),(615,'Calvin','Harris','676296','Mrs'),(616,'Ricky','Haley','676296','null'),(617,'Yaretzi','Rivera','138706','Ms'),(618,'Noel','Patterson','138706','null'),(619,'Oscar','Wood','138706','Mrs'),(620,'Juliana','Richardson','624016','null'),(621,'Avalynn','Johnson','624016','null'),(622,'Benicio','Wyatt','624016','Mr'),(623,'Summer','Vargas','613689','Ms'),(624,'Aaron','Medrano','613689','null'),(625,'Khalil','Macdonald','613689','Mrs'),(626,'Leila','Harmon','613689','Ms'),(627,'Avalynn','Johnson','503500','Ms'),(628,'Maximilian','Barnett','503500','null'),(629,'Emberly','Malone','503500','Mrs'),(630,'Shepherd','Hodge','503500','Mr'),(631,'Joel','Hood','532691','Mr'),(632,'Paige','Burns','532691','Mrs'),(633,'Pearl','Schaefer','724788','Mrs'),(634,'Landyn','Mann','915841','Ms'),(635,'Seven','Good','915841','Mrs'),(636,'Kara','Carroll','459625','Mr'),(637,'Kimber','Owens','459625','null'),(638,'Elodie','Tanner','123108','Mrs'),(639,'June','Hanson','123108','null'),(640,'Lainey','Suarez','123108','null'),(641,'Niklaus','Friedman','236032','null'),(642,'Emerson','Proctor','340786','null'),(643,'Malayah','Cohen','340786','null'),(644,'Ramon','Knapp','340786','Ms'),(645,'Richard','Le','801474','Ms'),(646,'Ada','Frank','801474','Mr'),(647,'Harley','Weeks','801474','Mrs'),(648,'Maximilian','Norris','801474','null'),(649,'Rosalyn','Davis','539642','null'),(650,'Alexa','Snow','469596','Mrs'),(651,'Reed','Harrell','469596','Mr'),(652,'Mark','Gonzales','635334','Mrs'),(653,'Giavanna','Crawford','635334','null'),(654,'Bishop','Reed','635334','null'),(655,'Milo','McKay','635334','Mr'),(656,'Aarav','McFarland','982476','Mrs'),(657,'Charles','Lee','982476','Mrs'),(658,'Athena','Lowe','687596','Mrs'),(659,'Genesis','Matthews','687596','Mr'),(660,'Dior','Todd','687596','Mr'),(661,'Michelle','Jenkins','176557','Ms'),(662,'Louie','Schroeder','176557','Ms'),(663,'Tyler','Douglas','176557','null'),(664,'Yasmin','Ortiz','176557','Mrs'),(665,'Roman','Avila','426457','Mr'),(666,'Celeste','Ayala','426457','Ms'),(667,'Myla','Jarvis','168753','Ms'),(668,'Robin','Morris','168753','Mr'),(669,'Kyra','Christian','234316','null'),(670,'Kali','Cobb','234316','Mrs'),(671,'Hayden','Myers','234316','Ms'),(672,'Leila','Harmon','806564','Mrs'),(673,'Jaime','Meadows','806564','Mrs'),(674,'Nyomi','Hampton','953418','Mr'),(675,'Ben','Vance','953418','Ms'),(676,'Hunter','Winters','815796','null'),(677,'Rome','Barajas','815796','Mrs'),(678,'Diana','Atkins','815796','null'),(679,'Kobe','Owens','335391','null'),(680,'Estella','Suarez','335391','null'),(681,'Halle','McDonald','335391','null'),(682,'Maximus','Morgan','335391','Ms'),(683,'Brooklynn','Zhang','740202','Ms'),(684,'Vance','Foster','740202','Mr'),(685,'Sylas','Kent','740202','Mrs'),(686,'Amaya','Long','740202','null'),(687,'Martha','Becker','744311','null'),(688,'Emberly','Malone','744311','null'),(689,'Jace','Baxter','744311','Ms'),(690,'Adalynn','Hendrix','841247','Ms'),(691,'Timothy','Hail','841247','Mrs'),(692,'Katelyn','Randolph','503019','Mrs'),(693,'Theo','Rubio','503019','Ms'),(694,'Jeremy','Daniels','503019','Mr'),(695,'Alan','Booker','386616','Ms'),(696,'Brennan','Morgan','266699','null'),(697,'Leo','Lane','266699','Mr'),(698,'Colin','Hamilton','266699','Ms'),(699,'Kamari','Lugo','266699','null'),(700,'Kamiyah','Warren','266699','null'),(701,'Ariel','Farrell','259974','Mrs'),(702,'Sam','Bass','259974','Mr'),(703,'Mauricio','Salgado','259974','Mrs'),(704,'Arya','Decker','247198','null'),(705,'Marlon','Mathews','247198','Mrs'),(706,'Juliana','Wiley','247198','Mr'),(707,'Yusuf','Hurley','339325','Ms'),(708,'Timothy','Rosario','339325','Mrs'),(709,'Guillermo','Dawson','339325','Mrs'),(710,'Angelo','Salazar','339325','Mr'),(711,'Lara','Knox','100963','Ms'),(712,'Lara','Knox','100963','null'),(713,'Ari','Franklin','100963','Ms'),(714,'Khalid','Frye','640342','Mr'),(715,'Brianna','Jacobson','640342','null'),(716,'Clarissa','Jaramillo','640342','Mrs'),(717,'Marlee','Gibbs','886396','null'),(718,'Caiden','Ashley','991490','Mrs'),(719,'Estelle','Gomez','991490','Mrs'),(720,'Mekhi','Hahn','991490','Mr'),(721,'Clarissa','Jaramillo','291770','Ms'),(722,'Keilani','Tyler','291770','Ms'),(723,'Alayna','Doyle','291770','Mr'),(724,'Kason','Hancock','291770','Ms'),(725,'Jemma','Vaughan','291770','null'),(726,'Damien','Ryan','240361','Mrs'),(727,'Adler','Rogers','240361','null'),(728,'Easton','Macias','240361','null'),(729,'Alexa','Snow','674754','Ms'),(730,'Nathaniel','Kirby','319690','Ms'),(731,'Clarissa','Jaramillo','319690','Ms'),(732,'Arya','Decker','319690','null'),(733,'Bellamy','Richard','319690','null'),(734,'Eric','Weeks','782468','Ms'),(735,'Kade','Ferguson','782468','Mr'),(736,'Serenity','Steele','220266','Ms'),(737,'Theodora','Jennings','220266','Ms'),(738,'William','Allison','269748','Mr'),(739,'Maxton','Camacho','269748','null'),(740,'Valentin','Krueger','269748','null'),(741,'Elian','Rollins','269748','Mr'),(742,'Lucas','Howell','444047','Mrs'),(743,'Gael','Becker','444047','null'),(744,'Kyra','Christian','444047','Mrs'),(745,'Devon','Wilkins','241683','Ms'),(746,'Hazel','Larsen','799974','Ms'),(747,'Jeremy','Daniels','530445','Mrs'),(748,'Amani','Lynn','530445','null'),(749,'Annabella','Dickerson','723754','null'),(750,'Ibrahim','Monroe','723754','Mrs'),(751,'Rowen','Burnett','723754','Mr'),(752,'Amalia','Anthony','723754','Mr'),(753,'Arielle','Yoder','723754','null'),(754,'Jasmine','Ibarra','657217','Ms'),(755,'Isaiah','Buckley','657217','Ms'),(756,'Annabella','Dickerson','657217','null'),(757,'Zayd','Heath','657217','null'),(758,'Guillermo','Decker','673535','Mr'),(759,'Ty','Ortiz','673535','Mr'),(760,'Laura','Morrow','673535','Mr'),(761,'Mae','Mills','673535','Ms'),(762,'Jade','Morton','673535','Mrs'),(763,'Brianna','Jacobson','424313','Ms'),(764,'Juliette','Golden','424313','null'),(765,'Jolie','Rivera','541222','Ms'),(766,'Rey','Decker','541222','Ms'),(767,'Jordan','Allen','541222','Mrs'),(768,'Crosby','Welch','750583','Ms'),(769,'Royce','Chapman','750583','Mr'),(770,'Celine','Ramsey','750583','Ms'),(771,'Eve','Wilkins','543146','Mr'),(772,'Nataly','Clarke','543146','Mr'),(773,'Skyler','Robbins','543146','null'),(774,'Jace','Mills','543146','Mrs'),(775,'Rosalyn','Davis','133310','Ms'),(776,'Madeline','Hinton','564020','Mrs'),(777,'Noah','Hammond','564020','Mrs'),(778,'Axl','Walls','564020','null'),(779,'Layne','Ali','564020','Mr'),(780,'Chaya','Roberson','564020','Mrs'),(781,'Niklaus','Friedman','828177','Ms'),(782,'Dominick','Myers','828177','Ms'),(783,'Haisley','George','306769','Mrs'),(784,'Aidan','Morris','306769','Mr'),(785,'Zelda','Sampson','354312','Mr'),(786,'Itzel','Reed','354312','Mrs'),(787,'Conrad','Velez','354312','null'),(788,'Ander','Benson','667040','null'),(789,'Mohammad','Anthony','667040','Ms'),(790,'Khalani','Crosby','570349','Ms'),(791,'Remington','McFarland','570349','Mrs'),(792,'Mateo','Cooper','570349','Mr'),(793,'Evie','Villanueva','639725','Mr'),(794,'Jack','Salinas','639725','Ms'),(795,'Ruben','Stafford','639725','Mr'),(796,'Calum','Rice','639725','Ms'),(797,'Austin','Myers','703656','Ms'),(798,'Ruben','Stafford','468926','Ms'),(799,'Dean','Chapman','468926','Mr'),(800,'Tinsley','Espinosa','253545','null'),(801,'Layne','Warner','253545','Mr'),(802,'Mack','Spears','313358','Ms'),(803,'Elaine','Vang','313358','Mrs'),(804,'Karter','Lam','313358','Mrs'),(805,'Jayla','Reese','313358','Ms'),(806,'Juliette','Golden','845498','Mr'),(807,'Giovanni','Burton','845498','Mrs'),(808,'Boston','Paul','845498','Mrs'),(809,'Dante','Avila','350376','Mr'),(810,'Abdullah','Tate','682299','null'),(811,'Theodora','Dodson','682299','Ms'),(812,'Devon','Wilkins','682299','null'),(813,'Charles','Lee','682299','Ms'),(814,'Willow','Fry','390097','Ms'),(815,'Jemma','Rangel','390097','Ms'),(816,'Santos','Simpson','866725','Ms'),(817,'Julius','Holland','587189','Mrs'),(818,'Marlee','Lucas','587189','null'),(819,'Elsie','Webb','509602','null'),(820,'Maeve','Barrett','509602','Mrs'),(821,'Kiana','Finley','252711','null'),(822,'Andrew','Ingram','252711','Mrs'),(823,'Saylor','Dudley','816189','Mr'),(824,'Issac','Sierra','816189','Mr'),(825,'Remington','Pacheco','816189','null'),(826,'Alaia','Becker','892377','null'),(827,'Finn','Duncan','892377','null'),(828,'Aubree','Hampton','491525','null'),(829,'Evelynn','Singleton','934632','null'),(830,'Alayna','Doyle','934632','Ms'),(831,'Jax','Rodgers','141496','Ms'),(832,'Catherine','Vance','141496','Mrs'),(833,'Matthias','O’Connell','141496','null'),(834,'Marlee','Lee','141496','Ms'),(835,'Ari','Barajas','141496','Mr'),(836,'August','McCullough','212183','null'),(837,'Summer','Quinn','212183','Mrs'),(838,'Dylan','Wallace','242844','Mr'),(839,'Kendall','McKay','770915','Mr'),(840,'Aleena','Kirk','770915','Mr'),(841,'Jack','Salinas','829886','Mrs'),(842,'Axl','Walls','829886','Mr'),(843,'Mazikee','Velazquez','829886','null'),(844,'Amalia','Anthony','626828','Mrs'),(845,'Emanuel','Jennings','626828','Mrs'),(846,'Allyson','George','274365','null'),(847,'Atticus','Spencer','274365','null'),(848,'Miley','Maxwell','274365','Ms'),(849,'Maddox','Fitzgerald','126654','Ms'),(850,'Leo','Lane','126654','null'),(851,'Paige','Burns','126654','Ms'),(852,'Cason','Holloway','719259','Mr'),(853,'Maurice','Baker','719259','null'),(854,'Audrey','Hamilton','719259','null'),(855,'Kara','Williamson','719259','Ms'),(856,'Atreus','James','996419','Mrs'),(857,'Jayla','Ponce','996419','Ms'),(858,'Briana','Fisher','996419','null'),(859,'Declan','Vasquez','391575','Ms'),(860,'Halle','McDonald','606478','null'),(861,'Hank','Richards','606478','null'),(862,'Keenan','Buckley','606478','Mr'),(863,'Hamza','Frank','606478','null'),(864,'Jack','Salinas','669200','Mr'),(865,'Briana','Fisher','752054','Ms'),(866,'Whitley','Kane','752054','Mrs'),(867,'Yehuda','Peck','752054','Mr'),(868,'Drew','Perkins','353848','null'),(869,'Belle','Wilkinson','353848','Mr'),(870,'Henrik','Holloway','353848','Ms'),(871,'Parker','Ayala','353848','Ms'),(872,'Demi','Blanchard','717784','Mr'),(873,'Lorelei','Graves','717784','null'),(874,'Florence','Fowler','350178','Ms'),(875,'Angelica','Kerr','350178','Mrs'),(876,'Maria','Magana','350178','Ms'),(877,'Lawson','Pace','350178','null'),(878,'Lawson','Pace','507098','Mrs'),(879,'Ricky','Cortez','507098','null'),(880,'Esther','McKay','707815','Ms'),(881,'Savanna','Rivera','707815','Ms'),(882,'Genesis','Ayers','707815','Mrs'),(883,'Adler','Rogers','693646','Mr'),(884,'Asa','Bryant','693646','null'),(885,'Kyree','Barry','693646','Ms'),(886,'Saint','Heath','693646','Mr'),(887,'Waverly','Cole','578446','Mr'),(888,'Bailee','Novak','578446','Mr'),(889,'Briana','Lozano','578446','Mrs'),(890,'Henley','Kelley','578446','Mrs'),(891,'Khalid','Frye','232797','null'),(892,'Leighton','Perry','232797','Mrs'),(893,'Anaya','Wood','551793','Mrs'),(894,'Destiny','Trevino','551793','null'),(895,'Emerson','Hunt','841023','Mr'),(896,'Shepard','Avalos','841023','null'),(897,'Chaya','Roberson','113585','Mrs'),(898,'Violet','Knox','113585','Mrs'),(899,'Aleena','Kirk','927067','Ms'),(900,'Genesis','Heath','927067','Ms'),(901,'Charles','Hobbs','927067','Mr'),(902,'Lucas','Mora','151072','Mrs'),(903,'Emery','O’Neill','151072','null'),(904,'Atticus','Spencer','151072','Ms'),(905,'Catherine','Vance','151072','null'),(906,'Skye','Hernandez','459733','Mrs'),(907,'Leona','Dyer','459733','Ms'),(908,'Royalty','O’Connor','459733','Mr'),(909,'Bodie','Walker','907674','Ms'),(910,'Mekhi','Mills','907674','null'),(911,'Jasmine','Ibarra','907674','Mr'),(912,'Benicio','Wyatt','907674','Mr'),(913,'Malayah','Cohen','415442','Ms'),(914,'Briana','Lozano','833027','Mr'),(915,'Amiyah','Gill','247534','Mr'),(916,'Evan','Fernandez','247534','null'),(917,'Artemis','Ward','247534','Mr'),(918,'Michelle','Jenkins','247534','null'),(919,'Lainey','Suarez','247534','Ms'),(920,'Selene','Jensen','127376','null'),(921,'Kaylee','Keller','127376','Mr'),(922,'Peyton','Vincent','127376','null'),(923,'Callan','Butler','127376','null'),(924,'Bruno','Jarvis','368622','Ms'),(925,'Alaia','Becker','368622','Mr'),(926,'Ivy','York','611354','Ms'),(927,'Halo','Hebert','611354','Mr'),(928,'Rocco','Moody','611354','Mrs'),(929,'Kendall','McKay','611354','Mr'),(930,'Louisa','Carlson','611354','Mrs'),(931,'Jaxen','Hodges','636040','null'),(932,'Khalid','Frye','636040','Ms'),(933,'Claire','Paul','636040','Mr'),(934,'Wilder','Neal','636040','Mr'),(935,'Siena','Castillo','672721','Mr'),(936,'Josiah','Flowers','672721','Mr'),(937,'Michelle','McKee','672721','Ms'),(938,'Theodora','Conrad','672721','Mrs'),(939,'Clarissa','Jaramillo','571128','Mr'),(940,'Palmer','Lynn','571128','Mrs'),(941,'Ramon','Knapp','253633','Mrs'),(942,'Marlee','Lucas','253633','Mrs'),(943,'Taylor','Golden','103748','Mrs'),(944,'Messiah','Bowers','103748','Mr'),(945,'Aubrielle','Riley','889830','Mrs'),(946,'Rey','Decker','889830','Mrs'),(947,'Paula','Paul','207037','Mr'),(948,'Caiden','Ashley','207037','null'),(949,'Jett','Reyes','470291','null'),(950,'Jolie','Macdonald','470291','Mrs'),(951,'Ariyah','David','470291','null'),(952,'Kara','Lozano','470291','null'),(953,'Princess','Rojas','470291','Mrs'),(954,'Khalid','Frost','660372','Ms'),(955,'Nico','Chan','660372','Ms'),(956,'Jacoby','Ferguson','439620','null'),(957,'Nylah','Walton','439620','Mr'),(958,'Amiyah','Watts','376978','Mrs'),(959,'Emanuel','Jennings','376978','Mr'),(960,'Landen','Cannon','376978','null'),(961,'Maximiliano','Small','176411','null'),(962,'Soren','Dyer','176411','null'),(963,'Adler','Rogers','937658','Mrs'),(964,'Clarissa','Jaramillo','937658','Mr'),(965,'Gabriel','Pitts','395786','Mrs'),(966,'Siena','Castillo','430336','Mr'),(967,'Amirah','Robertson','430336','Ms'),(968,'Richard','Le','430336','Mrs'),(969,'Carson','Bean','430336','null'),(970,'Juliana','Wiley','584927','Ms'),(971,'Bodie','Walker','584927','Mr'),(972,'Niko','Roth','584927','Ms'),(973,'Kiana','Malone','406126','Mrs'),(974,'Haven','Boyd','406126','Ms'),(975,'Hunter','Winters','895623','Mrs'),(976,'Mark','Floyd','525665','Mr'),(977,'Alex','Cline','525665','Ms'),(978,'Ari','Barajas','497432','Ms'),(979,'Keegan','Bowers','497432','Ms'),(980,'Lana','Estes','497432','Ms'),(981,'Jack','Salinas','449968','Mrs'),(982,'Adelina','Spencer','449968','Mrs'),(983,'Annika','Garner','449968','Ms'),(984,'Quinn','Valdez','449968','null'),(985,'Arielle','Yoder','947221','null'),(986,'Stetson','Buckley','947221','Mrs'),(987,'Esther','McKay','947221','Mrs'),(988,'Benicio','Wyatt','947221','Ms'),(989,'Zechariah','Ballard','947221','Mr'),(990,'Olive','McDonald','221148','Ms'),(991,'Easton','Green','317548','Ms'),(992,'Beckham','Henderson','317548','Mrs'),(993,'Isaiah','Buckley','936793','null'),(994,'Omar','Woods','936793','null'),(995,'Layne','Sosa','936793','null'),(996,'Tripp','Moon','936793','Mrs'),(997,'Ashley','Bullock','973589','null'),(998,'Amani','Lynn','969726','Ms'),(999,'Royal','Duarte','969726','Ms'),(1000,'Emmalynn','Morris','969726','Ms'),(1001,'Jordan','Allen','773942','null'),(1002,'Aspyn','Warner','773942','Mr'),(1003,'Maria','Magana','773942','Mr'),(1004,'Kiaan','Hickman','773942','Mrs'),(1005,'Adelina','Avalos','691079','Mrs'),(1006,'Briana','Fisher','127340','Ms'),(1007,'Saylor','Dudley','127340','Mrs'),(1008,'Aidan','Morris','127340','Mrs'),(1009,'Miracle','Rush','127340','null'),(1010,'Abdullah','Tate','127340','null'),(1011,'Maisie','Holt','127340','Ms'),(1012,'Roselyn','Martin','729733','Mr'),(1013,'Charleigh','Bradford','729733','Mr'),(1014,'Catherine','Vance','729733','Mr'),(1015,'Kimora','Cherry','633531','Mrs'),(1016,'Nathaniel','Kirby','633531','null'),(1017,'Tinsley','Espinosa','778542','Mrs'),(1018,'Delilah','Butler','778542','null'),(1019,'Mekhi','Mills','778542','Mrs'),(1020,'Patrick','Rosario','979004','Mr'),(1021,'Avi','Watson','979004','null'),(1022,'Calum','Rice','979004','Ms'),(1023,'Arjun','Patton','979004','Mr'),(1024,'Alyssa','Willis','575399','Mrs'),(1025,'Angelo','Townsend','575399','Mrs'),(1026,'Enoch','Wilkins','575399','Mr'),(1027,'Teagan','Austin','397729','Mrs'),(1028,'Fiona','Maldonado','397729','Mrs'),(1029,'Amaya','Long','149511','null'),(1030,'Javier','Briggs','149511','Ms'),(1031,'Maxton','Camacho','149511','Mr'),(1032,'Maci','Rosales','149511','Mrs'),(1033,'Axl','Walls','448065','Ms'),(1034,'Richard','Le','448065','null'),(1035,'Khalid','Newman','448065','Mr'),(1036,'Brock','Henderson','325087','null'),(1037,'Ari','Franklin','325087','Ms'),(1038,'Marlee','Lee','325087','Mr'),(1039,'Crosby','Welch','325087','null'),(1040,'Allyson','Guevara','524727','Ms'),(1041,'August','McCullough','914143','Ms'),(1042,'Felix','Burton','914143','Mrs'),(1043,'Adam','Browning','914143','null'),(1044,'Issac','Sierra','914143','null'),(1045,'Charles','Hobbs','914143','Mrs'),(1046,'Jamie','Blackwell','656117','Ms'),(1047,'Santos','Simpson','666661','Mr'),(1048,'Greyson','Hartman','666661','null'),(1049,'Noel','Schwartz','980946','Ms'),(1050,'Bryson','Maynard','980946','Mrs'),(1051,'Elodie','Tanner','894035','Mrs'),(1052,'Corey','Kirk','894035','Mrs'),(1053,'Ariya','Brooks','579921','null'),(1054,'Noah','Hammond','579921','Ms'),(1055,'Briggs','Robinson','963484','Mrs'),(1056,'Maxton','Camacho','963484','Mr'),(1057,'Remington','Jordan','235068','Ms'),(1058,'Olive','Berry','235068','Ms'),(1059,'Karen','Gardner','235068','Ms'),(1060,'Emberly','Lara','191627','Ms'),(1061,'Isaias','Boone','451442','Mr'),(1062,'Crystal','Patton','451442','Mr'),(1063,'Dominick','Myers','451442','Mr'),(1064,'Angelica','Kerr','610416','null'),(1065,'Luciano','Hawkins','610416','Mr'),(1066,'Cason','Wolf','610416','Mr'),(1067,'Lorelei','Beltran','610416','null'),(1068,'Amani','Xiong','649080','Ms'),(1069,'Harley','Weeks','649080','null'),(1070,'Matias','Hopkins','649080','Mr'),(1071,'Angelica','Kerr','649080','null'),(1072,'Ulises','Guzman','649080','null'),(1073,'Valentin','Caldwell','649080','Mr'),(1074,'Abdullah','Tate','697695','Mr'),(1075,'Morgan','Lane','697695','null'),(1076,'Nancy','Rasmussen','798103','Ms'),(1077,'Christian','Weaver','974883','Mr'),(1078,'Adelaide','Blackburn','974883','Ms'),(1079,'Gordon','Hardin','497869','null'),(1080,'Kevin','Harrell','497869','Mr'),(1081,'Maximilian','Barnett','497869','null'),(1082,'Bruno','Jarvis','497869','Mrs'),(1083,'Navy','Hensley','497869','Mr'),(1084,'Lawson','Pace','692465','Mrs'),(1085,'Jesse','Solis','692465','Mrs'),(1086,'Phoenix','Allen','692465','Mrs'),(1087,'Matthias','O’Connell','403839','Mr'),(1088,'Crystal','Patton','499632','Mr'),(1089,'Shiloh','Hancock','175671','Mr'),(1090,'Ryker','Duarte','175671','Ms'),(1091,'Vada','Orr','175671','Ms'),(1092,'Koa','Krueger','209273','null'),(1093,'Enoch','Wilkins','562289','Ms'),(1094,'Isaac','Wagner','562289','Ms'),(1095,'Waverly','Cole','562289','Mrs'),(1096,'Delilah','Maxwell','396145','null'),(1097,'Maxton','Camacho','396145','Mrs'),(1098,'Kataleya','Estrada','396145','Ms'),(1099,'Benicio','Wyatt','396145','Mrs'),(1100,'Camilo','Peters','396145','Mr'),(1101,'Cory','Ford','699450','Mr'),(1102,'Bailee','Novak','943569','Mrs'),(1103,'Ariya','Brooks','943569','null'),(1104,'Paige','Burns','943569','Ms'),(1105,'Soren','Dyer','865144','Mr'),(1106,'Addisyn','Villarreal','865144','Mrs'),(1107,'Elisa','House','865144','Ms'),(1108,'Jayla','Reese','884114','Ms'),(1109,'Elise','Solis','884114','Mr'),(1110,'Adonis','Leal','694793','Mrs'),(1111,'Reed','Harrell','694793','Ms'),(1112,'Julien','Mejia','694793','Ms'),(1113,'Robert','Delarosa','884052','Mrs'),(1114,'Liana','Rowland','884052','Mrs'),(1115,'Roman','Avila','708855','Mrs'),(1116,'Aryan','Chang','708855','Mr'),(1117,'Sophia','Stephens','708855','Mr'),(1118,'Eve','Wilkins','708855','Mr'),(1119,'Leland','Robertson','717289','Mrs'),(1120,'Keilani','Tyler','717289','Mr'),(1121,'Leila','Harmon','717289','null'),(1122,'Lucas','Howell','703210','Mrs'),(1123,'Elaine','Fisher','720044','Mr'),(1124,'Ulises','Guzman','720044','Mrs'),(1125,'Wells','Callahan','720044','Ms'),(1126,'Briar','Ali','720044','Mr'),(1127,'Will','Hart','802945','Mr'),(1128,'Raya','Larsen','802945','Mr'),(1129,'Katie','Ryan','215337','Ms'),(1130,'Crosby','Welch','215337','Mr'),(1131,'Cassandra','Garrison','649721','null'),(1132,'Khalid','Frost','649721','Mrs'),(1133,'Nala','Morales','649721','null'),(1134,'Jasmine','Ibarra','823862','null'),(1135,'Janelle','Wiley','823862','null'),(1136,'Hana','Robertson','823862','Mr'),(1137,'Isabela','McLaughlin','656193','Ms'),(1138,'Barrett','Snow','656193','Mrs'),(1139,'Sunny','Barr','764443','Mr'),(1140,'Ronin','Eaton','764443','Ms'),(1141,'Amara','Kramer','930534','null'),(1142,'Amani','Xiong','930534','Mr'),(1143,'Maximo','Salgado','930534','Ms'),(1144,'Marlee','Gibbs','930534','Ms'),(1145,'Nico','Chan','758278','Ms'),(1146,'Aidan','Parks','727942','Ms'),(1147,'Dayton','Rivers','727942','Mrs'),(1148,'Rayan','James','727942','Ms'),(1149,'Harlow','Bullock','727942','Mr'),(1150,'Idris','Dominguez','727942','null'),(1151,'Melody','Clayton','603257','Mr'),(1152,'Ariyah','David','603257','null'),(1153,'Khalani','Crosby','603257','Ms'),(1154,'Diana','Atkins','378279','Mrs'),(1155,'Mabel','Wall','378279','Mr'),(1156,'Mazikee','Velazquez','108691','Mr'),(1157,'Emiliano','Salazar','108691','Ms'),(1158,'June','Peters','108691','Ms'),(1159,'Rose','Huerta','108691','Ms'),(1160,'Mira','Burton','561735','Ms'),(1161,'Richard','Le','561735','null'),(1162,'Harlow','Bullock','561735','Mr'),(1163,'Maximiliano','Small','561735','Ms'),(1164,'Kylian','Pearson','536713','null'),(1165,'Layne','Carson','536713','null'),(1166,'Ruben','Castillo','536713','null'),(1167,'Claire','Paul','536713','Mrs'),(1168,'Simon','Lucas','536713','Mrs'),(1169,'Harlow','Foley','783204','null'),(1170,'June','Hanson','400407','Ms'),(1171,'Ronald','Torres','400407','Ms'),(1172,'Ronin','Eaton','449274','Mrs'),(1173,'Ruben','Castillo','449274','Mrs'),(1174,'Adley','Bean','449274','null'),(1175,'Maria','Magana','449274','Ms'),(1176,'Deacon','Cooper','449274','null'),(1177,'Skye','Hernandez','449274','Mrs'),(1178,'Santino','Eaton','435607','Mrs'),(1179,'Camilo','Peters','435607','null'),(1180,'Wilson','Wong','435607','Ms'),(1181,'Paola','McClure','201056','Ms'),(1182,'August','Patton','201056','Mrs'),(1183,'Felipe','Roy','988030','Mr'),(1184,'Timothy','Rosario','988030','Ms'),(1185,'Kenia','Wyatt','988030','null'),(1186,'Kylan','Garcia','988030','null'),(1187,'Siena','Castillo','988030','Ms'),(1188,'Finn','Duncan','138720','null'),(1189,'Coen','Coffey','138720','Ms'),(1190,'Kennedi','Roberts','138720','Mrs'),(1191,'Karen','Gardner','171929','Mrs'),(1192,'Amalia','Ochoa','352460','Mr'),(1193,'Anahi','Castaneda','352460','Mr'),(1194,'Emmitt','Brock','352460','null'),(1195,'Giana','McCullough','153918','Ms'),(1196,'Kenia','Wyatt','153918','Ms'),(1197,'Jemma','Vaughan','153918','Ms'),(1198,'Diego','Newman','153918','Mrs'),(1199,'Marlee','Lucas','329230','Mr'),(1200,'Jaylin','Atkins','986579','null'),(1201,'Legend','Thornton','986579','Ms'),(1202,'Marina','Boone','986579','Mrs'),(1203,'Jenesis','Sanders','981902','Mrs'),(1204,'Crystal','Patton','981902','Mr'),(1205,'Isla','Duarte','981902','Mr'),(1206,'Nora','Sharp','981902','Ms'),(1207,'June','Hanson','981902','null'),(1208,'Navy','Hensley','413106','null'),(1209,'Jay','David','413106','null'),(1210,'Octavia','Ruiz','413106','Mr'),(1211,'Kai','Le','413106','Ms'),(1212,'Valentin','Caldwell','898407','Ms'),(1213,'Abdullah','Tate','898407','Mr'),(1214,'Delilah','Maxwell','898407','Mrs'),(1215,'Amias','McLaughlin','876762','Ms'),(1216,'Brinley','McCullough','876762','Mrs'),(1217,'Rome','Barajas','876762','Ms'),(1218,'Moises','Franco','636437','Ms'),(1219,'Cassandra','Garrison','636437','null'),(1220,'Rosa','Russo','636437','Mrs'),(1221,'Jayceon','Davenport','779386','Mr'),(1222,'Douglas','Gilbert','779386','Ms'),(1223,'Reign','Fitzgerald','779386','null'),(1224,'Alejandro','Duffy','779386','Mrs'),(1225,'Emiliano','Travis','974461','Mrs'),(1226,'Jack','Salinas','974461','Ms'),(1227,'Luciano','Hawkins','974461','Mr'),(1228,'Aaliyah','Johnston','974461','null'),(1229,'Jane','Orozco','348737','Ms'),(1230,'Louisa','Lozano','270481','Ms'),(1231,'Boone','Moss','270481','Mr'),(1232,'Shiloh','Bell','270481','Ms'),(1233,'Scarlette','Haynes','270481','Ms'),(1234,'Hassan','Vaughan','179199','Ms'),(1235,'Eva','McCall','179199','null'),(1236,'Chance','Russo','212650','Mr'),(1237,'Adriel','Mendez','212650','null'),(1238,'Jay','David','212650','Ms'),(1239,'Preston','Drake','498318','Mrs'),(1240,'Leanna','McMahon','813460','null'),(1241,'Evan','Fernandez','813460','Mr'),(1242,'Ada','Frank','813460','Mr'),(1243,'Riley','Lang','813460','Mr'),(1244,'Kataleya','Houston','813460','null'),(1245,'Brock','Cherry','929825','Mr'),(1246,'Shiloh','Bell','929825','Mrs'),(1247,'Austin','Myers','929825','null'),(1248,'Cash','Singleton','929825','null'),(1249,'Coraline','Nelson','929825','null'),(1250,'Paloma','Nash','904982','Mrs'),(1251,'Kellan','Arroyo','904982','Ms'),(1252,'Estrella','Santiago','343796','null'),(1253,'Douglas','Gilbert','343796','Ms'),(1254,'Joey','Meza','813121','Mr'),(1255,'Amayah','Miranda','813121','Ms'),(1256,'Tinsley','Mejia','741318','Mrs'),(1257,'Dominic','Dunn','741318','Mrs'),(1258,'Jemma','Rangel','208629','Mr'),(1259,'Guillermo','Dawson','208629','null'),(1260,'Lina','Camacho','861256','null'),(1261,'Easton','Green','861256','Ms'),(1262,'Moises','Franco','861256','Mrs'),(1263,'Sylas','Kent','861256','null'),(1264,'Ocean','Valdez','170531','Ms'),(1265,'Rome','Barajas','170531','Mr'),(1266,'Scarlette','Haynes','170531','null'),(1267,'Mira','Burton','676554','Mrs'),(1268,'Hakeem','Lowery','676554','Ms'),(1269,'Kenneth','Hale','700903','Mrs'),(1270,'Ricky','Haley','609599','Ms'),(1271,'Ayden','Sexton','310892','null'),(1272,'Queen','Blake','310892','Mrs'),(1273,'Moses','Palacios','782781','Mr'),(1274,'Maria','Robbins','782781','Mrs'),(1275,'Dilan','Thornton','782781','Mrs'),(1276,'Elliot','Glenn','744098','null'),(1277,'Trinity','Charles','744098','Ms'),(1278,'Kiana','Finley','744098','Mrs'),(1279,'River','Brady','871175','Ms'),(1280,'Julius','Holland','871175','null'),(1281,'Skye','Hernandez','871175','Ms'),(1282,'Artemis','Ward','724049','Mr'),(1283,'Jada','Moore','724049','Mr'),(1284,'Raya','Larsen','724049','Ms'),(1285,'Alejandro','Duffy','724049','Mrs'),(1286,'Khalil','Macdonald','401126','Mr'),(1287,'Riggs','Patel','401126','Ms'),(1288,'Houston','Gallegos','938564','Mrs'),(1289,'Hazel','Larsen','938564','Ms'),(1290,'Leandro','Boyer','938564','Ms'),(1291,'Rowen','Burnett','758277','Ms'),(1292,'Capri','Finley','758277','Mr'),(1293,'Callan','Butler','758277','Ms'),(1294,'Amira','Hancock','758277','Mr'),(1295,'Roman','Avila','239197','Mrs'),(1296,'Callan','Butler','239197','Mr'),(1297,'Milo','Rich','166573','Mr'),(1298,'Michelle','Jenkins','262397','null'),(1299,'Aviana','Nixon','262397','Mrs'),(1300,'Aryan','Chang','870492','Mr'),(1301,'Kiara','Matthews','870492','null'),(1302,'Lydia','Wood','580777','Ms'),(1303,'Jolene','Moses','580777','null'),(1304,'Calvin','Harris','154935','Mr'),(1305,'Tommy','Cohen','154935','Mrs'),(1306,'Marlee','Lucas','154935','Ms'),(1307,'Jazmine','Kent','154935','Mrs'),(1308,'Bjorn','Huynh','154935','Mrs'),(1309,'Ruben','Sampson','717859','Ms'),(1310,'Simon','Lucas','717859','Ms'),(1311,'Aubree','Hampton','717859','null'),(1312,'Jacoby','Ferguson','136503','Mr'),(1313,'Zahir','Winters','136503','Ms'),(1314,'Dean','Chapman','136503','Ms'),(1315,'Amber','Mann','548936','Mrs'),(1316,'Azalea','Watson','548936','Mr'),(1317,'Kiana','Briggs','160566','null'),(1318,'Sasha','Vega','160566','Ms'),(1319,'Blair','Armstrong','160566','Mr'),(1320,'Briana','Lozano','160566','null'),(1321,'Lana','Estes','160566','Ms'),(1322,'Haisley','Marquez','863707','null'),(1323,'Ricky','Haley','863707','null'),(1324,'Gemma','Malone','172517','Mr'),(1325,'Messiah','Bowers','386028','Mr'),(1326,'Conrad','Velez','386028','Ms'),(1327,'Kameron','Trejo','386028','Mrs'),(1328,'Grant','Larson','386028','null'),(1329,'Ari','Franklin','386028','Ms'),(1330,'Felipe','Roy','328406','null'),(1331,'Calvin','Cobb','328406','Ms'),(1332,'Mark','Floyd','229865','Mr'),(1333,'Davian','Burns','229865','Ms'),(1334,'Kiana','Finley','338492','null'),(1335,'Rosalyn','Davis','338492','Ms'),(1336,'Lorenzo','Ferguson','338492','Mr'),(1337,'Eden','Fry','937750','Mr'),(1338,'Matthias','Rivers','937750','Mrs'),(1339,'Jax','Watkins','937750','Mr'),(1340,'Camilo','Peters','789840','Mr'),(1341,'Milo','McKay','789840','Mrs'),(1342,'Abel','Medrano','789840','Mr'),(1343,'Richard','Le','241913','Mrs'),(1344,'Saint','Tate','241913','Mr'),(1345,'Aurelia','Davidson','241913','null'),(1346,'River','Brady','217538','Ms'),(1347,'Gordon','Hardin','217538','null'),(1348,'Joel','Hood','217538','null'),(1349,'Colin','Hamilton','217538','Mrs'),(1350,'Maci','Rosales','103991','Ms'),(1351,'Finnegan','Jensen','559456','Mrs'),(1352,'Chelsea','McDowell','559456','Mrs'),(1353,'Clarissa','Jaramillo','559456','null'),(1354,'Lorenzo','Ferguson','560979','null'),(1355,'Elliot','Glenn','645748','Mrs'),(1356,'Mckenna','Hardy','645748','Mrs'),(1357,'Alessandro','Donovan','645748','Ms'),(1358,'Sylvie','Morrison','113025','Mr'),(1359,'Colette','Dickson','113025','null'),(1360,'Niko','Roth','763574','Mrs'),(1361,'Rex','Hampton','333636','Ms'),(1362,'Nora','Sharp','163871','Mr'),(1363,'Tanner','Ayala','553013','Mrs'),(1364,'Ryder','Brennan','553013','Mr'),(1365,'Ariel','Farrell','838578','Mrs'),(1366,'Princeton','Moses','371631','Mr'),(1367,'Elsie','Webb','371631','null'),(1368,'Amaris','Gibbs','371631','null'),(1369,'Shepard','Avalos','727992','Ms'),(1370,'Dior','Snow','727992','Mr'),(1371,'Khalani','Crosby','727992','null'),(1372,'Nathalia','Kim','636029','Ms'),(1373,'Adelina','Spencer','636029','Ms'),(1374,'Jayceon','Davenport','636029','Mr'),(1375,'Langston','Morrison','462749','Mrs'),(1376,'Raelynn','Sandoval','462749','Ms'),(1377,'Amayah','Miranda','462749','Ms'),(1378,'Lydia','Wood','462749','Mrs'),(1379,'Hana','Robertson','462749','Mrs'),(1380,'Oliver','Russo','758527','null'),(1381,'Emmitt','Brock','758527','Mrs'),(1382,'Adler','Rogers','758527','null'),(1383,'Genesis','Ayers','330280','Ms'),(1384,'Aspyn','Warner','330280','Mrs'),(1385,'Jayleen','Jones','202419','Mrs'),(1386,'Jamari','Paul','202419','Mrs'),(1387,'Gael','Valenzuela','202419','Mr'),(1388,'Arielle','Yoder','202419','Mr'),(1389,'Leland','Robertson','202419','null'),(1390,'Nala','Morales','202419','null'),(1391,'Miracle','Rush','433211','Ms'),(1392,'Samson','Morgan','433211','Ms'),(1393,'Ricky','Haley','766506','null'),(1394,'Layne','Ali','766506','null'),(1395,'Arya','Decker','948227','Ms'),(1396,'Estrella','Santiago','948227','Mrs'),(1397,'Emerson','Velez','948227','null'),(1398,'Barrett','Snow','122250','Mr'),(1399,'Haisley','George','122250','null'),(1400,'Rey','Decker','122250','Mr'),(1401,'Tommy','Cohen','122250','Mrs'),(1402,'Jane','Orozco','907223','Mrs'),(1403,'Aidan','Morris','907223','Ms'),(1404,'Kamari','Mendoza','335601','null'),(1405,'Scout','Boone','982707','null'),(1406,'Andrew','Ingram','982707','Ms'),(1407,'Adam','Browning','982707','null'),(1408,'Marlon','Mathews','798040','Mrs'),(1409,'Eithan','Washington','798040','Mr'),(1410,'Valentin','Krueger','798040','Mr'),(1411,'Brooklynn','Zhang','129843','Mr'),(1412,'Noah','Vo','129843','Mr'),(1413,'Johan','Jackson','129843','Mr'),(1414,'Gael','Valenzuela','129843','Ms'),(1415,'Finnegan','Jensen','806715','Mr'),(1416,'Henley','Kelley','806715','Mr'),(1417,'Luciano','Hawkins','806715','null'),(1418,'Gael','Valenzuela','806715','Mrs'),(1419,'Andrew','Ingram','284944','Mr'),(1420,'Alex','Leonard','284944','Mr'),(1421,'Jasmine','Ibarra','284944','Mr'),(1422,'Daphne','Hodge','284944','null'),(1423,'Lana','Estes','284944','Mrs'),(1424,'Bjorn','Gallegos','549077','Ms'),(1425,'Hakeem','McClure','549077','Mrs'),(1426,'Rayden','Fletcher','549077','null'),(1427,'June','Peters','549077','Ms'),(1428,'Collins','Davis','640979','Mr'),(1429,'Mabel','Wall','432978','Mr'),(1430,'Athena','Lowe','432978','null'),(1431,'Karen','Burke','432978','Mrs'),(1432,'Arianna','Pratt','538873','Ms'),(1433,'Londyn','Shepherd','538873','Mrs'),(1434,'Diana','Atkins','192821','Mrs'),(1435,'Mauricio','Mejia','192821','Mr'),(1436,'Josiah','Flowers','192821','Mr'),(1437,'Raya','Larsen','192821','Ms'),(1438,'Dayton','Rivers','985327','Ms'),(1439,'Scarlett','Boyle','985327','Ms'),(1440,'Hugh','Friedman','985327','Ms'),(1441,'Jace','Mills','985327','Mrs'),(1442,'Remington','Pacheco','528555','Mrs'),(1443,'Demi','Blanchard','528555','Ms'),(1444,'Lola','McKay','528555','null'),(1445,'Michelle','Jenkins','405646','null'),(1446,'Guillermo','Dawson','405646','Mrs'),(1447,'Caleb','Magana','214104','Ms'),(1448,'Kobe','Owens','214104','null'),(1449,'Nala','Morales','214104','null'),(1450,'Yehuda','Peck','873254','Ms'),(1451,'Palmer','Lynn','873254','Mrs'),(1452,'Easton','Green','873254','null'),(1453,'Leland','Robertson','873254','Mr'),(1454,'Chandler','Pace','830031','Ms'),(1455,'Genesis','Ayers','830031','Mrs'),(1456,'Avery','Petersen','830031','null'),(1457,'Brielle','Pugh','830031','null'),(1458,'Calum','Rice','614776','Mrs'),(1459,'Trinity','Charles','614776','null'),(1460,'Mekhi','Mills','454740','Mrs'),(1461,'Nala','Morales','454740','Mrs'),(1462,'Vance','Foster','454740','Mr'),(1463,'Collins','Davis','454740','Ms'),(1464,'Carly','Mills','454740','null'),(1465,'Javier','Briggs','129960','Mrs'),(1466,'Malaysia','Montgomery','129960','Mr'),(1467,'Felipe','Roy','129960','Ms'),(1468,'Nylah','Walton','587835','null'),(1469,'Fiona','Maldonado','587835','null'),(1470,'Jaylin','Atkins','828531','null'),(1471,'Shane','Davidson','828531','Mr'),(1472,'Skyler','Waters','828531','null'),(1473,'Aleena','Kirk','294844','Mrs'),(1474,'Landyn','Mann','294844','Mrs'),(1475,'Rayden','Fletcher','294844','Mrs'),(1476,'Halle','McDonald','294844','null'),(1477,'Oaklynn','Dennis','408228','Mrs'),(1478,'Halle','Raymond','408228','null'),(1479,'Ryker','Duarte','408228','Mrs'),(1480,'Adriel','Mendez','408228','null'),(1481,'Leonard','Wallace','292067','Mrs'),(1482,'Abel','Medrano','292067','Mr'),(1483,'Lachlan','Fletcher','292067','null'),(1484,'Felix','Burton','544008','null'),(1485,'Houston','Gallegos','544008','null'),(1486,'Hadley','Strong','544008','Mrs'),(1487,'Dilan','Thornton','857015','Ms'),(1488,'Kai','Le','857015','Ms'),(1489,'Emerson','Hunt','857015','Mr'),(1490,'Maia','West','136155','Mrs'),(1491,'Remy','Huynh','136155','Mrs'),(1492,'Mckenna','Hardy','136155','Mrs'),(1493,'Leandro','Boyer','136155','Ms'),(1494,'Langston','Morrison','343397','null'),(1495,'August','McCullough','343397','Mrs'),(1496,'Ramon','Knapp','343397','null'),(1497,'Beckham','Henderson','343397','Mrs'),(1498,'Corey','Kirk','502767','null'),(1499,'Penelope','Suarez','502767','Mrs'),(1500,'Yara','Lang','502767','null'),(1501,'Joel','Hood','502767','Mrs'),(1502,'Elora','Soto','536888','Mr'),(1503,'Mauricio','Espinosa','536888','Mrs'),(1504,'Princeton','Moses','536888','Mr'),(1505,'Dilan','Thornton','536888','Mrs'),(1506,'Lewis','Barrett','486233','null'),(1507,'Catherine','Vance','486233','Ms'),(1508,'Niko','Roth','725189','Ms'),(1509,'Joey','Davidson','725189','Mrs'),(1510,'Quinn','Vincent','725189','Ms'),(1511,'Paloma','Nash','725189','Ms'),(1512,'Annika','Garner','725189','Mrs'),(1513,'Dominic','Dunn','725189','null'),(1514,'Myra','Mendoza','459208','null'),(1515,'Bode','Rios','459208','Ms'),(1516,'Charles','Hobbs','459208','Ms'),(1517,'Carly','Mills','459208','Mrs'),(1518,'Remington','McFarland','659211','Mrs'),(1519,'Ada','Frank','659211','Mrs'),(1520,'Nylah','Walton','659211','Mr'),(1521,'Sam','Bass','659211','Mrs'),(1522,'Alonso','Walton','740833','Mr'),(1523,'Marlee','Gibbs','740833','Mr'),(1524,'Sylas','Kent','740833','Mrs'),(1525,'Amy','Nguyen','740833','Mrs'),(1526,'Chance','Russo','778814','Ms'),(1527,'Bellamy','Richard','778814','Ms'),(1528,'Ishaan','Salas','778814','Mr'),(1529,'Kallie','Gomez','778814','Mrs'),(1530,'Gordon','Hardin','778814','Mrs'),(1531,'Cash','Singleton','502763','Mrs'),(1532,'Paul','Burnett','502763','Mrs'),(1533,'Harlow','Foley','502763','Mr'),(1534,'Michelle','McKee','502763','Mrs'),(1535,'Case','Mitchell','114120','null'),(1536,'Kaiden','Horne','114120','null'),(1537,'Kenna','Roberts','493540','null'),(1538,'Reign','Fitzgerald','493540','Ms'),(1539,'Tinsley','Espinosa','493540','null'),(1540,'Arielle','Nunez','493540','Mrs'),(1541,'Blakely','Ryan','493540','Mrs'),(1542,'Diego','Ahmed','253833','Mr'),(1543,'Finn','Duncan','253833','Mr'),(1544,'Enoch','Jones','253833','Mr'),(1545,'Davian','Burns','253833','Mr'),(1546,'Shiloh','Bell','932117','Ms'),(1547,'Tanner','Ayala','932117','Mrs'),(1548,'Leland','Robertson','932117','Ms'),(1549,'Valentin','Krueger','932117','Mr'),(1550,'Khalani','Crosby','950008','Mr'),(1551,'Makenzie','Robertson','950008','Mrs'),(1552,'Bruno','Jarvis','384011','Ms'),(1553,'Hazel','Larsen','384011','null'),(1554,'Abel','Medrano','681030','Mr'),(1555,'Summer','Quinn','444821','Mr'),(1556,'Keenan','Buckley','444821','Mrs'),(1557,'Boone','Johnson','271697','null'),(1558,'Calvin','Harris','271697','Mr'),(1559,'Khalid','Frost','453611','Mr'),(1560,'Mauricio','Espinosa','453611','null'),(1561,'Elliott','Sloan','453611','Mrs'),(1562,'Miracle','Rush','453611','null'),(1563,'Carson','Bean','902759','Mr'),(1564,'Louisa','Estes','902759','Mrs'),(1565,'Angelo','Townsend','902759','Mrs'),(1566,'Angelo','Salazar','902759','Mr'),(1567,'Gael','Becker','640824','null'),(1568,'Kataleya','Houston','640824','Mrs'),(1569,'Brooklyn','Morgan','443216','Mrs'),(1570,'Penelope','Lin','443216','Mrs'),(1571,'Ariyah','Curry','976146','Ms'),(1572,'Nyomi','Hampton','976146','Mrs'),(1573,'Caden','Williamson','976146','Mr'),(1574,'Lana','Estes','307204','Mr'),(1575,'Taylor','Golden','307204','Mr'),(1576,'Cade','Dixon','307204','null'),(1577,'Mark','Floyd','307204','Ms'),(1578,'Ibrahim','Monroe','307204','Ms'),(1579,'Phoenix','Winters','267781','Mrs'),(1580,'Houston','Gallegos','267781','Mr'),(1581,'Alexia','Callahan','474011','Mr'),(1582,'Kaiser','Caldwell','474011','Ms'),(1583,'Ari','Barajas','164823','null'),(1584,'Selah','Jordan','164823','Ms'),(1585,'Ezra','Le','164823','null'),(1586,'Remington','Jordan','564430','Mrs'),(1587,'Grey','Ryan','564430','Mrs'),(1588,'Amalia','Ochoa','564430','Mr'),(1589,'Frances','Barker','977069','Mr'),(1590,'Case','Mitchell','977069','Mrs'),(1591,'Will','Hart','977069','Ms'),(1592,'Stephen','Hood','529514','null'),(1593,'Santino','Eaton','529514','Ms'),(1594,'Boone','Johnson','329720','Mrs'),(1595,'Moises','Franco','329720','Mr'),(1596,'Emerson','Proctor','479300','Ms'),(1597,'Hassan','Vaughan','479300','Mr'),(1598,'Cameron','Johnson','479300','null'),(1599,'Cory','Ford','479300','Mr'),(1600,'Isaias','Boone','573755','null'),(1601,'Mae','Atkinson','573755','Mrs'),(1602,'Emerson','Hunt','573755','Mr'),(1603,'Genesis','Matthews','244641','null'),(1604,'Holly','Cabrera','244641','Ms'),(1605,'Isaac','Wagner','779460','Ms'),(1606,'Dior','Todd','918550','Mr'),(1607,'Alejandro','Duffy','918550','null'),(1608,'Kamiyah','Warren','918550','null'),(1609,'Will','Hart','906898','Ms'),(1610,'Ryan','Harrell','906898','null'),(1611,'Brock','Cherry','294914','Ms'),(1612,'Matias','Hopkins','294914','Mrs'),(1613,'Caiden','Ashley','294914','Ms'),(1614,'Yehuda','Peck','671499','Mrs'),(1615,'Maria','Robbins','671499','Mrs'),(1616,'Landen','Cannon','671499','Mrs'),(1617,'Avalynn','Scott','614826','Ms'),(1618,'Meilani','Dillon','614826','Mr'),(1619,'Mccoy','Yu','271006','Ms'),(1620,'Genesis','Matthews','729080','null'),(1621,'Cory','Ford','729080','Mrs'),(1622,'Remy','Huynh','689081','null'),(1623,'Megan','Dorsey','689081','Ms'),(1624,'Diana','Atkins','689081','null'),(1625,'Wells','Campos','468020','Ms'),(1626,'June','Montoya','468020','null'),(1627,'Helen','Mosley','468020','Ms'),(1628,'Boston','Paul','468020','null'),(1629,'Mylo','Huynh','464931','Ms'),(1630,'Summer','Vargas','464931','Mr'),(1631,'Aleena','Kirk','464931','Ms'),(1632,'Hugh','Friedman','787420','Mrs'),(1633,'Addilynn','Chavez','787420','null'),(1634,'Gabriella','Fletcher','787420','null'),(1635,'Arianna','Pratt','493377','Ms'),(1636,'Will','Hart','254081','Mrs'),(1637,'Avalynn','Scott','254081','Mrs'),(1638,'Azrael','Parsons','217715','Mr'),(1639,'Zayd','Heath','217715','Mrs'),(1640,'Rosa','Russo','217715','Mrs'),(1641,'Clarissa','Jaramillo','532543','Mrs'),(1642,'Hank','Richards','532543','Mr'),(1643,'Cory','Ford','294879','Mr'),(1644,'Zuri','Hanson','294879','Mrs'),(1645,'Lewis','Barrett','294879','null'),(1646,'Jade','Morton','148742','Mr'),(1647,'Briar','Wise','266835','Ms'),(1648,'Nora','Sharp','266835','Mr'),(1649,'Zelda','Beltran','266835','Mr'),(1650,'Penelope','Suarez','266835','Mr'),(1651,'Amara','Kramer','266835','Mr'),(1652,'Joey','Barnett','654563','Mrs'),(1653,'Sawyer','Grant','654563','null'),(1654,'Chaya','Roberson','654563','null'),(1655,'Katelyn','Dorsey','654563','Mr'),(1656,'Santino','Eaton','643428','Mrs'),(1657,'Adrianna','Nelson','745960','Mr'),(1658,'Lorenzo','Ferguson','745960','Mr'),(1659,'Phoenix','Allen','745960','Ms'),(1660,'Yusuf','Hurley','745960','Mrs'),(1661,'Mark','Gonzales','241129','Mr'),(1662,'Jeremy','Daniels','241129','Ms'),(1663,'Dante','Avila','303902','Ms'),(1664,'Ryder','Brennan','303902','Mrs'),(1665,'Rome','Barajas','303902','Mr'),(1666,'Rome','Barajas','168183','null'),(1667,'Theodora','Jennings','161268','null'),(1668,'Kylan','Hutchinson','161268','Mrs'),(1669,'Averie','Greer','161268','null'),(1670,'Briar','Swanson','712665','Ms'),(1671,'Lucas','Howell','712665','Mr'),(1672,'Liam','Shah','641860','Mrs'),(1673,'Odin','Reynolds','641860','Mrs'),(1674,'Evie','Villanueva','641860','Mr'),(1675,'Stetson','Buckley','863594','Mrs'),(1676,'Theodora','Jennings','863594','Ms'),(1677,'Angelo','Salazar','863594','null'),(1678,'Valentin','Krueger','863594','null'),(1679,'Lydia','Wood','198831','Mr'),(1680,'Mccoy','Yu','198831','Mrs'),(1681,'Zaid','Rosario','198831','Ms'),(1682,'Yusuf','Mayo','522795','Mr'),(1683,'Crystal','Patton','522795','Mr'),(1684,'Harlow','Bullock','653460','Ms'),(1685,'Amani','Lynn','653460','Mr'),(1686,'Queen','Blake','653460','Ms'),(1687,'Jenesis','Sanders','308376','Mr'),(1688,'Sloan','Ray','308376','Mr'),(1689,'Hailey','Glover','308376','Mr'),(1690,'Nora','Sharp','308376','Ms'),(1691,'Yehuda','Peck','308376','Mrs'),(1692,'Legacy','Garza','324544','Ms'),(1693,'Dylan','Wallace','324544','Mr'),(1694,'Delilah','Maxwell','251867','null'),(1695,'Dior','Todd','234192','Mr'),(1696,'Briggs','Robinson','627934','Mr'),(1697,'Keanu','Wright','833060','null'),(1698,'Julius','Holland','833060','Mr'),(1699,'Marlon','Alfaro','833060','null'),(1700,'Caden','Williamson','833060','Mr'),(1701,'Shiloh','Bell','246322','Mrs'),(1702,'Giuliana','Payne','246322','Ms'),(1703,'Adelina','Spencer','736811','Mrs'),(1704,'Nylah','Wheeler','736811','Mrs'),(1705,'Jessica','Lester','299190','Mr'),(1706,'Marcelo','Cuevas','299190','Mr'),(1707,'Gael','Becker','610584','Ms'),(1708,'Amira','Hancock','129681','Mrs'),(1709,'Malaysia','Montgomery','129681','Ms'),(1710,'Jolie','Macdonald','129681','Ms'),(1711,'Preston','Hamilton','129681','null'),(1712,'Caiden','Ashley','970029','Ms'),(1713,'Easton','Green','970029','Ms'),(1714,'Briggs','Robinson','582173','Ms'),(1715,'Jolie','Rivera','582173','Mrs'),(1716,'Jax','Rodgers','871807','null'),(1717,'Keanu','Wright','871807','Mr'),(1718,'Kyra','Christian','989971','Mr'),(1719,'Nalani','Barr','989971','null'),(1720,'Hadley','Strong','989971','Mrs'),(1721,'Bo','Bridges','989971','Mr'),(1722,'Crosby','Santana','425992','Mrs'),(1723,'Grey','Ryan','425992','Ms'),(1724,'Abigail','Odom','425992','Mrs'),(1725,'Calvin','Cobb','180863','null'),(1726,'Helen','Mosley','180863','Mrs'),(1727,'Douglas','Gilbert','822969','Mr'),(1728,'Blake','Liu','822969','null'),(1729,'Kimber','Owens','822969','Mrs'),(1730,'Jayleen','Jones','568470','Mrs'),(1731,'Aaliyah','Johnston','568470','Mrs'),(1732,'Saylor','Williamson','568470','Ms'),(1733,'Teagan','Austin','568470','Ms'),(1734,'Roman','Avila','560792','Ms'),(1735,'Ben','Pope','560792','Ms'),(1736,'Makenzie','Robertson','971876','Mr'),(1737,'Amani','McLean','971876','null'),(1738,'Ellen','Cole','175304','null'),(1739,'Ellis','Cook','175304','null'),(1740,'Xander','Zimmerman','175304','null'),(1741,'Itzel','Reed','175304','Mr'),(1742,'Giovanni','Burton','224471','Mr'),(1743,'Scarlet','Noble','440112','Ms'),(1744,'Maximilian','Norris','440112','Ms'),(1745,'August','McCullough','440112','Mrs'),(1746,'Avi','Watson','748353','Ms'),(1747,'Case','Mitchell','748353','Mrs'),(1748,'Maximus','Morgan','748353','null'),(1749,'Reese','Reed','545425','Mr'),(1750,'Ulises','Guzman','545425','Ms'),(1751,'Marlee','Gibbs','739469','Mrs'),(1752,'River','Brady','418277','Mrs'),(1753,'Harlow','Foley','418277','Ms'),(1754,'Enoch','Wilkins','418277','null'),(1755,'Jolie','Macdonald','418277','Ms'),(1756,'Layne','Carson','418277','Mr'),(1757,'Halle','McDonald','418277','Ms'),(1758,'Hakeem','McClure','425220','Mrs'),(1759,'Charles','Malone','425220','Mr'),(1760,'Matias','Hopkins','425220','null'),(1761,'Hakeem','McClure','425220','Ms'),(1762,'Jaime','Meadows','425220','null'),(1763,'Delilah','Maxwell','155526','null'),(1764,'Crosby','Welch','276401','Ms'),(1765,'Emberly','Lara','276401','Ms'),(1766,'Diego','Newman','276401','Mr'),(1767,'Samson','Morgan','276401','Ms'),(1768,'Rosalia','Mejia','276401','Mrs'),(1769,'Zechariah','Ballard','962093','null'),(1770,'Aidan','Parks','962093','Mr'),(1771,'Hamza','Frank','962093','Mr'),(1772,'Houston','Gallegos','286688','Mrs'),(1773,'Jaxton','Middleton','286688','Mr'),(1774,'Robin','Mullen','542948','Ms'),(1775,'Benson','Stein','542948','Ms'),(1776,'Scout','Boone','542948','null'),(1777,'Laura','Morrow','542948','null'),(1778,'Koa','Krueger','930436','Mr'),(1779,'Jenna','Ramirez','930436','Mrs'),(1780,'Jamie','Blackwell','930436','Ms'),(1781,'Jane','Orozco','930436','null'),(1782,'Jemma','Rangel','930436','Mrs'),(1783,'Armani','Phelps','930436','Ms'),(1784,'Ari','Franklin','980922','Ms'),(1785,'Halle','Raymond','980922','null'),(1786,'Gemma','Malone','980922','Ms'),(1787,'Bellamy','Richard','684921','Mr'),(1788,'Lilianna','Mann','684921','Ms'),(1789,'Summer','Vargas','684921','Mr'),(1790,'Lewis','Barrett','208437','Mrs'),(1791,'Keegan','Bowers','208437','Ms'),(1792,'Elaine','Vang','208437','Mr'),(1793,'Josiah','Flowers','208437','Ms'),(1794,'Maxton','Camacho','208437','Mrs'),(1795,'Celine','Ramsey','368051','Mr'),(1796,'Willow','Fry','368051','Mr'),(1797,'Evie','Villanueva','368051','Mrs'),(1798,'Gael','Becker','368051','Ms'),(1799,'Allyson','Guevara','467643','null'),(1800,'Zander','Bishop','467643','Mr'),(1801,'Mateo','Leach','467643','Mr'),(1802,'Amani','Lynn','467643','Mrs'),(1803,'Shiloh','Bell','799235','null'),(1804,'Elliot','Glenn','799235','null'),(1805,'Rebecca','Avalos','635588','Ms'),(1806,'Giana','McCullough','635588','Ms'),(1807,'Amy','Nguyen','635588','null'),(1808,'Saoirse','Chambers','635588','Mr'),(1809,'Milo','Rich','635588','Mr'),(1810,'Royalty','O’Connor','716719','Ms'),(1811,'Noel','Schwartz','716719','Mrs'),(1812,'Lilianna','Mann','716719','Mr'),(1813,'Zechariah','Vincent','716719','Mrs'),(1814,'Legend','Thornton','479667','Ms'),(1815,'Clarissa','Jaramillo','479667','Ms'),(1816,'Mira','Burton','479667','Ms'),(1817,'Natalia','Ball','479667','null'),(1818,'Kimber','Owens','479667','Mrs'),(1819,'Mauricio','Mejia','918280','null'),(1820,'Janelle','Wiley','918280','Mr'),(1821,'Bjorn','Huynh','693226','Mr'),(1822,'Linda','McLean','143709','Ms'),(1823,'Rome','Barajas','627195','Mrs'),(1824,'Mariah','Frost','627195','Mr'),(1825,'Juliana','McLean','673741','Mrs'),(1826,'Colin','Hamilton','673741','Mr'),(1827,'Alfred','Bentley','673741','Mrs'),(1828,'Rey','Decker','232048','Mr'),(1829,'Louie','Schroeder','232048','Ms'),(1830,'Brianna','Jacobson','232048','Ms'),(1831,'Ruben','Sampson','232048','Mrs'),(1832,'Frankie','Cisneros','410064','Ms'),(1833,'Jaxton','Middleton','410064','Ms'),(1834,'Jaime','Meadows','410064','Mr'),(1835,'Hayley','Phillips','324896','null'),(1836,'Aarya','Cain','324896','null'),(1837,'Ocean','Valdez','144483','Mrs'),(1838,'Richard','Le','671958','Mr'),(1839,'Dior','Snow','506413','Mr'),(1840,'Kylian','Pearson','364784','Mr'),(1841,'Quinn','Ayers','908027','null'),(1842,'Kamari','Mendoza','908027','Mr'),(1843,'Jade','Morton','235814','Mr'),(1844,'Case','Mitchell','235814','Mrs'),(1845,'Kiana','Briggs','235814','Mrs'),(1846,'Solomon','Lane','235814','Mrs'),(1847,'Richard','Le','235814','Mr'),(1848,'Jax','Rodgers','785972','Ms'),(1849,'Alia','Bradford','483944','Mrs'),(1850,'Robin','Morris','483944','null'),(1851,'Emerson','Velez','483944','Ms'),(1852,'Devon','Wilkins','483944','null'),(1853,'Louie','Schroeder','483944','null'),(1854,'Adonis','Leal','774991','Mrs'),(1855,'Mack','Spears','774991','Mrs'),(1856,'Lyanna','Good','774991','Mrs'),(1857,'Selah','Jordan','198801','Mrs'),(1858,'Catherine','Vance','198801','null'),(1859,'Morgan','Lane','100256','Mrs'),(1860,'Demi','Blanchard','100256','Mrs'),(1861,'Nehemiah','Fisher','100256','Mr'),(1862,'Aarav','McFarland','333496','Mrs'),(1863,'Iyla','Roy','333496','Ms'),(1864,'Kaiden','Horne','411046','null'),(1865,'Quinton','Lee','128568','Ms'),(1866,'Jazmine','Kent','128568','null'),(1867,'Brantley','Delacruz','128568','Mr'),(1868,'Shay','Martin','128568','Mr'),(1869,'Daphne','Hodge','296208','Mrs'),(1870,'Braden','Brewer','817808','Mrs'),(1871,'Yara','Lang','817808','null'),(1872,'Conner','Cohen','889855','Ms'),(1873,'Jayla','Ponce','889855','Mrs'),(1874,'Atticus','Fitzpatrick','889855','Mrs'),(1875,'Jaxen','Hodges','140068','Ms'),(1876,'Rhys','Boone','140068','Mrs'),(1877,'Kylian','Pearson','140068','Mr'),(1878,'Lola','McKay','140068','Mrs'),(1879,'Jocelyn','Carpenter','646352','Mr'),(1880,'Mira','Burton','646352','Ms'),(1881,'Lola','McKay','162645','Mr'),(1882,'Rhett','Lim','162645','Ms'),(1883,'Korbyn','Pugh','833289','null'),(1884,'Diego','Spence','833289','null'),(1885,'Kiana','Malone','833289','Mr'),(1886,'Boston','Paul','833289','Mr'),(1887,'Amari','Alvarado','833289','Ms'),(1888,'Ian','Strickland','966350','Mr'),(1889,'Amaya','Long','966350','Mr'),(1890,'Deacon','Cordova','335111','Mr'),(1891,'Dane','Dalton','335111','null'),(1892,'Theodora','Conrad','535448','null'),(1893,'Riley','Lang','526084','Ms'),(1894,'Lacey','Dodson','526084','null'),(1895,'Timothy','Hail','526084','null'),(1896,'Kynlee','Vazquez','885511','Mrs'),(1897,'Rosa','Russo','885511','null'),(1898,'Diego','Spence','221877','Mrs'),(1899,'Iyla','Roy','239422','Mrs'),(1900,'Scarlet','Noble','650554','Ms'),(1901,'Kataleya','Estrada','650554','null'),(1902,'Jaime','Meadows','650554','Mr'),(1903,'Willow','Fry','650554','null'),(1904,'Kiara','Matthews','293302','Ms'),(1905,'Scarlett','Foley','126482','Ms'),(1906,'Marlowe','Snyder','915564','Mrs'),(1907,'Amari','Alvarado','109978','Mr'),(1908,'Azalea','Watson','109978','Mrs'),(1909,'Leonard','Wallace','109978','Mrs'),(1910,'Paislee','Smith','109978','Ms'),(1911,'Flora','Aguilar','339609','null'),(1912,'Arianna','Pratt','339609','null'),(1913,'Delilah','Maxwell','339609','null'),(1914,'Ander','Benson','216448','null'),(1915,'Aspyn','Warner','216448','Mr'),(1916,'Gary','McCarty','216448','Ms'),(1917,'Cory','Ford','216448','Mr'),(1918,'Valentin','Caldwell','565973','Ms'),(1919,'Chandler','Pace','565973','Mr'),(1920,'Curtis','Higgins','565973','null'),(1921,'Cory','Ford','565973','Mrs'),(1922,'Jade','Morton','529476','Mrs'),(1923,'Queen','Blake','529476','null'),(1924,'Jamari','Paul','716543','Mrs'),(1925,'Gianna','Sierra','716543','Mr'),(1926,'Trinity','Charles','933871','Ms'),(1927,'Wilder','Neal','933871','null'),(1928,'Theodora','Jennings','726481','Mrs'),(1929,'Raya','Larsen','726481','Mrs'),(1930,'Marlon','Alfaro','673173','Mr'),(1931,'Rayden','Fletcher','673173','Ms'),(1932,'Kiana','Finley','742575','Mr'),(1933,'Yusuf','Hurley','742575','null'),(1934,'Leland','Robertson','590843','Ms'),(1935,'Rowen','Burnett','497284','null'),(1936,'Mack','Spears','497284','Ms'),(1937,'Eve','Wilkins','497284','Mrs'),(1938,'Karen','Mendoza','497284','Mrs'),(1939,'Estella','Suarez','801920','Mr'),(1940,'Jemma','Vaughan','801920','null'),(1941,'Hayden','Myers','651326','Mr'),(1942,'Emerson','West','651326','Ms'),(1943,'Kamiyah','Warren','651326','Mr'),(1944,'Saoirse','Chambers','924761','Ms'),(1945,'Joey','Meza','924761','null'),(1946,'Nala','Morales','924761','null'),(1947,'Ira','Li','455012','Mr'),(1948,'Skye','Hart','455012','Mrs'),(1949,'Shepard','Avalos','950218','Mrs'),(1950,'Giovanni','Burton','950218','null'),(1951,'Maximilian','Norris','784744','Mrs'),(1952,'Khalil','Cummings','784744','Ms'),(1953,'Jolie','Macdonald','784744','Mr'),(1954,'Peyton','Vincent','784744','null'),(1955,'Ashley','Bullock','569212','null'),(1956,'Santos','Simpson','569212','Mr'),(1957,'Edward','Briggs','569212','Mrs'),(1958,'Ellen','Cole','809286','null'),(1959,'Isaiah','Lambert','809286','null'),(1960,'Chelsea','McDowell','417612','Mrs'),(1961,'Corbin','Gonzalez','417612','null'),(1962,'Brooklyn','Morgan','538275','null'),(1963,'Morgan','Lane','538275','Mr'),(1964,'Kylian','Pearson','538275','Mr'),(1965,'Bailee','Novak','538275','Mrs'),(1966,'Ira','Li','867076','Ms'),(1967,'Eric','Weeks','867076','Ms'),(1968,'Kason','Hancock','867076','null'),(1969,'Thiago','Khan','867076','Ms'),(1970,'Selah','Jordan','531441','Ms'),(1971,'Reese','Tyler','531441','Ms'),(1972,'Miriam','McCoy','531441','Mrs'),(1973,'Kade','Ferguson','531441','Mrs'),(1974,'Will','Hart','531441','null'),(1975,'Elisa','Ali','886889','Ms'),(1976,'Ada','Frank','886889','Mrs'),(1977,'Mabel','Wall','886889','Mrs'),(1978,'Aviana','Nixon','415607','Mrs'),(1979,'Layne','Carson','120865','Mrs'),(1980,'Giavanna','Crawford','120865','null'),(1981,'Kataleya','Romero','768949','Mr'),(1982,'Isaiah','Buckley','786050','null'),(1983,'Keenan','Buckley','473460','null'),(1984,'Dylan','Wallace','473460','Mr'),(1985,'Briar','Ali','293571','Mrs'),(1986,'Genesis','Ayers','753658','Ms'),(1987,'Finnegan','Jensen','753658','Mrs'),(1988,'Delilah','Butler','392920','null'),(1989,'Eithan','Washington','392920','Mrs'),(1990,'Ahmed','Russell','392920','Ms'),(1991,'Mariam','Bradley','392920','Mrs'),(1992,'Coraline','Dalton','970772','null'),(1993,'Haisley','Marquez','970772','Mrs'),(1994,'Will','Hart','970772','Ms'),(1995,'Elian','Rollins','122699','Ms'),(1996,'Maximo','Salgado','122699','Mrs'),(1997,'Zechariah','Ballard','210888','Ms'),(1998,'Camden','Villegas','985044','Ms'),(1999,'Nathaniel','Kirby','985044','Mr'),(2000,'Gianna','Sierra','985044','Ms'),(2001,'Phoenix','Winters','985044','Ms'),(2002,'Adrianna','Nelson','136478','Mrs'),(2003,'Nehemiah','Fuller','136478','Mrs'),(2004,'Killian','Fitzgerald','136478','Mr'),(2005,'Nylah','Walton','136478','Ms'),(2006,'Chandler','Pace','486844','Mrs'),(2007,'Miriam','McCoy','486844','null'),(2008,'Javier','Briggs','486844','null'),(2009,'Dominic','Roach','486844','Mr'),(2010,'Milo','Rich','486844','Mr'),(2011,'Cash','Singleton','486844','Mrs'),(2012,'Atreus','James','239298','Mrs'),(2013,'Raphael','Hodge','239298','Mr'),(2014,'Paul','Burnett','239298','null'),(2015,'Arielle','Nunez','375550','null'),(2016,'Dominic','Roach','375550','Mrs'),(2017,'Holly','Cabrera','375550','Ms'),(2018,'Summer','Vargas','971461','null'),(2019,'Liberty','Booth','971461','Ms'),(2020,'Kaylee','Keller','217125','Mr'),(2021,'Avalynn','Scott','217125','Mr'),(2022,'Diego','Spence','217125','Mrs'),(2023,'Vance','Foster','899771','Mr'),(2024,'Arianna','Pratt','899771','null'),(2025,'Lydia','Mullen','899771','Mr'),(2026,'Boston','Paul','899771','null'),(2027,'Addilyn','Weiss','318474','Mr'),(2028,'Emerson','West','318474','null'),(2029,'Raphael','Hodge','280724','Mr'),(2030,'Skyla','Kent','280724','null'),(2031,'Brock','Henderson','976174','null'),(2032,'Karen','Mendoza','976174','null'),(2033,'Selah','Jordan','976174','Ms'),(2034,'Harlow','Sloan','976174','Ms'),(2035,'Alaia','Becker','976174','Ms'),(2036,'Jaxton','Middleton','979764','null'),(2037,'Kimber','Owens','979764','Mrs'),(2038,'Ibrahim','Monroe','979764','null'),(2039,'Parker','Dixon','201637','Ms'),(2040,'Theodora','Dodson','201637','Mrs'),(2041,'Maria','Robbins','201637','Ms'),(2042,'Jax','Watkins','201637','Ms'),(2043,'Blair','Armstrong','201637','null'),(2044,'Princess','Rojas','201637','Mr'),(2045,'Nataly','Clarke','619721','null'),(2046,'Eithan','Washington','619721','Mrs'),(2047,'Octavia','Ruiz','555686','Mrs'),(2048,'Valerie','Aguilar','555686','null'),(2049,'Charles','Lee','555686','Mrs'),(2050,'Armani','Harrison','555686','null'),(2051,'Flora','Aguilar','161638','Mr'),(2052,'Diana','Atkins','161638','Mr'),(2053,'Amaris','Gibbs','161638','Mrs'),(2054,'Shiloh','Hancock','161638','Mr'),(2055,'Selah','Jordan','905057','null'),(2056,'Moses','Palacios','905057','Mrs'),(2057,'Felipe','Roy','267025','Ms'),(2058,'Pearl','Schaefer','976428','Mr'),(2059,'Linda','McLean','976428','Ms'),(2060,'Austin','Myers','976428','null'),(2061,'Stephen','Hood','976428','Mr'),(2062,'Naya','Newton','976428','Mrs'),(2063,'Sage','Barry','397589','null'),(2064,'Jameson','Christian','397589','Mrs'),(2065,'Javier','Briggs','397589','Ms'),(2066,'Ariya','Brooks','397589','Ms'),(2067,'Charleigh','Bradford','640933','Mr'),(2068,'Omar','Woods','385089','Ms'),(2069,'Alijah','Reeves','385089','null'),(2070,'Luciano','Hawkins','385089','null'),(2071,'Briar','Ali','137928','Mr'),(2072,'Allyson','Guevara','137928','Mrs'),(2073,'Oakley','Potts','137928','Mrs'),(2074,'Layne','Ali','137928','Ms'),(2075,'Lilliana','Everett','430794','Mr'),(2076,'Quinn','Ayers','430794','Ms'),(2077,'Aryan','Chang','292641','Ms'),(2078,'Simone','Williams','366208','Mr'),(2079,'Pedro','Beil','366208','Mr'),(2080,'Hugh','Friedman','671279','Mr'),(2081,'Remington','Jordan','671279','Mr'),(2082,'Leona','Dyer','671279','Ms'),(2083,'Paris','Whitehead','671279','Mr'),(2084,'Sage','Ford','185480','Mr'),(2085,'Genevieve','O’Neal','856845','Ms'),(2086,'Aniyah','Valenzuela','856845','Mr'),(2087,'Langston','Morrison','856845','Ms'),(2088,'Daphne','Branch','856845','Ms'),(2089,'Morgan','Lane','856845','Mrs'),(2090,'Sam','Bass','476625','Mrs'),(2091,'Brycen','Turner','476625','Mrs'),(2092,'Daphne','Branch','787442','Mrs'),(2093,'Hana','Robertson','787442','null'),(2094,'Liana','Rowland','713305','null'),(2095,'Briggs','Robinson','297169','Mr'),(2096,'Ruben','Sampson','297169','Ms'),(2097,'Bjorn','Gallegos','297169','Ms'),(2098,'Celeste','Ayala','297169','Mr'),(2099,'Brooklyn','Morgan','516774','Mrs'),(2100,'Maximus','Morgan','516774','Mrs'),(2101,'Charles','Hobbs','516774','Mrs'),(2102,'Anna','Tanner','516774','Ms'),(2103,'Bjorn','Huynh','493545','Ms'),(2104,'Zechariah','Vincent','493545','Mrs'),(2105,'Rey','Decker','434851','Ms'),(2106,'Ishaan','Salas','434851','Mr'),(2107,'Zyaire','Willis','434851','Ms'),(2108,'Melany','Lara','434851','Mr'),(2109,'Mauricio','Espinosa','434851','Mr'),(2110,'Landon','Long','277602','null'),(2111,'Scarlett','Boyle','277602','Ms'),(2112,'Dilan','Thornton','277602','Mrs'),(2113,'Amalia','Anthony','277602','Ms'),(2114,'Sasha','Vega','596213','Ms'),(2115,'Cory','Ford','596213','null'),(2116,'Amias','McLaughlin','596213','Ms'),(2117,'Khalid','Frost','596213','Ms'),(2118,'Wilder','Neal','601605','Ms'),(2119,'Mark','Floyd','411378','null'),(2120,'Messiah','Bowers','411378','null'),(2121,'Theodora','Conrad','411378','Mrs'),(2122,'Adrianna','Nelson','709289','Mrs'),(2123,'Waverly','Cole','709289','Mr'),(2124,'Haisley','George','709289','Mrs'),(2125,'Trinity','Charles','924701','null'),(2126,'Leona','Dyer','924701','Mr'),(2127,'Marina','Boone','924701','null'),(2128,'Ronald','Torres','924701','Ms'),(2129,'Ariya','Brooks','430735','Mr'),(2130,'Giana','McCullough','430735','Mrs'),(2131,'Rocco','Moody','180910','null'),(2132,'Leila','Harmon','180910','null'),(2133,'Conner','Cohen','832501','Mrs'),(2134,'Haven','Boyd','832501','Ms'),(2135,'Demi','Blanchard','832501','Mr'),(2136,'Orion','Giles','214085','Mr'),(2137,'Ricky','Haley','214085','Mr'),(2138,'Hayden','Myers','214085','Ms'),(2139,'Ivy','York','226983','Mr'),(2140,'Hadassah','Randolph','226983','Mr'),(2141,'Mekhi','Hahn','226983','Mr'),(2142,'Grey','Ryan','457768','Mrs'),(2143,'Ember','Medrano','457768','Ms'),(2144,'Elian','Rollins','304172','null'),(2145,'Tinsley','Espinosa','304172','Mrs'),(2146,'Patrick','Rosario','304172','Mr'),(2147,'Lewis','Barrett','304172','Mr'),(2148,'Alex','Cline','846989','null'),(2149,'Corey','Kirk','846989','Mrs'),(2150,'Royalty','O’Connor','846989','Mrs'),(2151,'Valentina','Burke','948733','Mr'),(2152,'Seven','Santos','948733','Ms'),(2153,'Dayton','Rivers','948733','Mrs'),(2154,'Fletcher','Blair','129619','Mr'),(2155,'Korbyn','Pugh','168853','Mr'),(2156,'Jolene','Moses','168853','Mr'),(2157,'Coraline','Nelson','168853','null'),(2158,'Bruno','Jarvis','154965','Mr'),(2159,'Zuri','Vega','154965','null'),(2160,'Giavanna','Crawford','154965','Mrs'),(2161,'Curtis','Higgins','288137','Mrs'),(2162,'Anaya','Wood','255134','Mrs'),(2163,'Amber','Mann','255134','Ms'),(2164,'Mason','Figueroa','845829','Ms'),(2165,'Serenity','Ellis','845829','null'),(2166,'Rocco','Moody','845829','Ms'),(2167,'Princeton','Moses','463316','Mr'),(2168,'Kiana','Malone','463316','null'),(2169,'Nehemiah','Fisher','463316','Mrs'),(2170,'Palmer','Lynn','463316','Mrs'),(2171,'Stephanie','Sullivan','463316','Ms'),(2172,'Briggs','Robinson','693647','Mrs'),(2173,'Aidan','Morris','693647','Ms'),(2174,'Audrey','Hamilton','976467','Ms'),(2175,'Kylan','Garcia','976467','Mr'),(2176,'Ember','Medrano','976467','null'),(2177,'Jay','Zimmerman','316975','Ms'),(2178,'Maurice','Baker','316975','null'),(2179,'Benson','Stein','316975','null'),(2180,'Felix','Burton','265983','Mrs'),(2181,'Zahir','Winters','791389','Ms'),(2182,'Hadassah','Randolph','791389','null'),(2183,'Nathaniel','Norris','791389','Mrs'),(2184,'Elliot','Glenn','414071','null'),(2185,'Joey','Davidson','414071','Ms'),(2186,'Lana','Estes','687717','Ms'),(2187,'Abdullah','Frazier','687717','Mrs'),(2188,'Avalynn','Scott','176974','Ms'),(2189,'Zechariah','Vincent','176974','Mrs'),(2190,'Kara','Carroll','176974','null'),(2191,'Sage','Barry','176974','null'),(2192,'Evie','Villanueva','302164','Mrs'),(2193,'Caiden','Ashley','302164','Mrs'),(2194,'Solomon','Montes','302164','Ms'),(2195,'Juliana','Richardson','302164','null'),(2196,'Florence','Fowler','302164','Mrs'),(2197,'Adelaide','Blackburn','773592','null'),(2198,'Athena','Lowe','773592','Mrs'),(2199,'Valentin','Caldwell','150419','Ms'),(2200,'Amira','Hancock','150419','Mr'),(2201,'Dominic','Dunn','150419','Mrs'),(2202,'Langston','Morrison','150419','Mr'),(2203,'Riggs','Patel','558577','Mrs'),(2204,'Paris','Whitehead','558577','Mr'),(2205,'Diana','Atkins','558577','Mr'),(2206,'Diego','Newman','861788','null'),(2207,'Corey','Kirk','861788','Mr'),(2208,'Louie','Schroeder','861788','Mr'),(2209,'Kiaan','Hickman','861788','null'),(2210,'Melany','Lara','861788','Ms'),(2211,'Colette','Dickson','482665','Ms'),(2212,'Nala','Morales','482665','Mr'),(2213,'Nico','Chan','212751','Mr'),(2214,'Nehemiah','Fisher','212751','Mr'),(2215,'Hazel','Larsen','212751','null'),(2216,'Kade','Ferguson','380670','Ms'),(2217,'Maria','Robbins','380670','Ms'),(2218,'Zechariah','Ballard','380670','null'),(2219,'Rey','Dennis','380670','null'),(2220,'Aniyah','Valenzuela','408284','Mrs'),(2221,'Rosalyn','Davis','408284','null'),(2222,'Roselyn','Smith','348856','Ms'),(2223,'Grey','Ryan','348856','Mrs'),(2224,'Flynn','Reese','348856','Mrs'),(2225,'Elian','Rollins','348856','Mr'),(2226,'Morgan','Lane','952931','Ms'),(2227,'Lola','McKay','952931','null'),(2228,'Wells','Campos','952931','Ms'),(2229,'Jayceon','Davenport','952931','null'),(2230,'Aurelia','Davidson','687120','null'),(2231,'Oaklee','Hill','687120','null'),(2232,'Maxine','French','687120','Mrs'),(2233,'Ryder','Brennan','687120','Mrs'),(2234,'Emanuel','Jennings','995281','Mr'),(2235,'Paul','Burnett','995281','Ms'),(2236,'Rome','Barajas','177516','Ms'),(2237,'Freya','George','177516','Mrs'),(2238,'Ellis','Cook','177516','Mrs'),(2239,'Malia','Gross','177516','null'),(2240,'Isabela','McLaughlin','177516','Ms'),(2241,'Hassan','Vaughan','112809','Mrs'),(2242,'Javier','Briggs','112809','Mrs'),(2243,'Belle','Wilkinson','112809','Ms'),(2244,'Scarlet','Noble','112809','Ms'),(2245,'Corey','Kirk','112809','Mrs'),(2246,'Luciano','Hawkins','884523','Mr'),(2247,'Jamari','Paul','884523','Mrs'),(2248,'Kobe','Owens','884523','Mr'),(2249,'Jamie','Marsh','884523','Ms'),(2250,'Armani','Phelps','287134','null'),(2251,'Caleb','Magana','287134','Ms'),(2252,'Jayleen','Jones','863823','Mr'),(2253,'Marlowe','Snyder','863823','null'),(2254,'Calvin','Cobb','863823','Mrs'),(2255,'Dior','Snow','251625','null'),(2256,'Caden','Williamson','251625','Ms'),(2257,'Arjun','Patton','251625','Ms'),(2258,'Caden','Williamson','520487','null'),(2259,'Crystal','Patton','415859','Ms'),(2260,'Macy','Fletcher','415859','Ms'),(2261,'Caiden','Hancock','496066','Mr'),(2262,'Boone','Wilkinson','496066','Ms'),(2263,'Kimora','Cherry','496066','Ms'),(2264,'Jayleen','Jones','496066','null'),(2265,'Sam','Bass','196001','Ms'),(2266,'Paris','Whitehead','196001','Ms'),(2267,'Carson','Rivers','474209','Mrs'),(2268,'Ayden','Sexton','474209','Ms'),(2269,'Saint','Tate','462754','null'),(2270,'Amani','Lynn','264433','Ms'),(2271,'Boone','Johnson','110774','null'),(2272,'Brock','Henderson','110774','Mrs'),(2273,'Roman','Avila','193022','Ms'),(2274,'Solomon','Lane','193022','Ms'),(2275,'Carter','Roberson','193022','Mrs'),(2276,'Kenneth','Hale','193022','Mrs'),(2277,'Cason','Wolf','602592','Mr'),(2278,'Winston','Lindsey','235246','Mrs'),(2279,'Houston','Gallegos','235246','Ms'),(2280,'Lachlan','Fletcher','235246','Mrs'),(2281,'Isla','Duarte','235246','Mrs'),(2282,'Brantley','Delacruz','235246','null'),(2283,'Jay','Zimmerman','858774','Ms'),(2284,'Kenna','Roberts','858774','Mr'),(2285,'Jakob','Rodgers','858774','Ms'),(2286,'Evelynn','Singleton','858774','Mrs'),(2287,'Alex','Cline','931610','null'),(2288,'Avi','Watson','931610','Mrs'),(2289,'Kimora','Cherry','799112','null'),(2290,'Hattie','Palacios','587882','Mr'),(2291,'Seven','Santos','587882','Mrs'),(2292,'Lionel','Levy','587882','Mr'),(2293,'Amani','McLean','587882','Mr'),(2294,'Angelica','Kerr','887504','Mr'),(2295,'Mekhi','Mills','887504','null'),(2296,'Alyssa','Willis','747635','Mr'),(2297,'Jaime','Meadows','747635','Ms'),(2298,'Rey','Decker','784648','Mrs'),(2299,'Hakeem','McClure','784648','Mr'),(2300,'Daphne','Branch','784648','Mrs'),(2301,'Landen','Cannon','784648','null'),(2302,'Benson','Stein','784648','Mrs'),(2303,'Kylan','Hutchinson','187936','Mrs'),(2304,'Princess','Rojas','187936','Mr'),(2305,'Brock','Cherry','598502','Mr'),(2306,'Corey','Kirk','286413','null'),(2307,'Briar','Ali','286413','Ms'),(2308,'Katelyn','Randolph','286413','Mrs'),(2309,'Charles','Hobbs','286413','Mr'),(2310,'Adrianna','Nelson','102300','Ms'),(2311,'Julien','Mejia','645525','Mr'),(2312,'Jazmine','Kent','645525','Ms'),(2313,'Tanner','Ayala','645525','Mr'),(2314,'Khalid','Newman','739375','Ms'),(2315,'Ander','Benson','739375','null'),(2316,'Kylan','Garcia','739375','Ms'),(2317,'Jessie','Brandt','873107','Ms'),(2318,'Lucas','Mora','873107','Mrs'),(2319,'Angelica','Kerr','873107','Mr'),(2320,'Diego','Ahmed','644291','Ms'),(2321,'Seven','Santos','644291','null'),(2322,'Axl','Walls','644291','Mr'),(2323,'Lacey','Dodson','766864','Mr'),(2324,'Rowen','Burnett','766864','Mrs'),(2325,'Rosa','Russo','296207','Mrs'),(2326,'Bailee','Novak','296207','Mrs'),(2327,'Alexa','Snow','985753','Mr'),(2328,'Waverly','Terrell','985753','Ms'),(2329,'Lee','Waller','985753','Mrs'),(2330,'Nico','Chan','985753','Mrs'),(2331,'Genevieve','O’Neal','611970','Mrs'),(2332,'Mylo','Huynh','611970','Ms'),(2333,'Kellan','Arroyo','359160','Ms'),(2334,'Kobe','Owens','359160','Mrs'),(2335,'Johan','Jackson','359160','Mr'),(2336,'Tripp','Moon','359160','null'),(2337,'Adrianna','Nelson','383499','Mr'),(2338,'Dane','Dalton','383499','Mrs'),(2339,'Kara','Carroll','383499','Mr'),(2340,'Layne','Ali','809235','null'),(2341,'Case','Mitchell','811716','null'),(2342,'Greyson','Hartman','811716','Mr'),(2343,'Grey','Ryan','811716','Ms'),(2344,'Zariah','Chung','132579','null'),(2345,'Rayden','Fletcher','132579','Mrs'),(2346,'Calum','Evans','884735','null'),(2347,'Moises','Franco','575767','Mrs'),(2348,'Waverly','Cole','575767','Mrs'),(2349,'Michelle','Jenkins','575767','Mr'),(2350,'Shiloh','Bell','575767','null'),(2351,'Alia','Proctor','575767','Ms'),(2352,'Octavia','Ruiz','276350','Mr'),(2353,'Maxton','Camacho','276350','Mr'),(2354,'Amalia','Ochoa','446623','Mrs'),(2355,'Nathaniel','Norris','446623','Ms'),(2356,'Kataleya','Romero','446623','Mrs'),(2357,'Rosalyn','Davis','446623','Ms'),(2358,'Melody','Clayton','135293','null'),(2359,'Sam','Bass','135293','Mrs'),(2360,'Ashley','Bullock','372774','Mrs'),(2361,'Haven','Boyd','372774','Ms'),(2362,'David','Cervantes','372774','Mr'),(2363,'Damir','Gonzalez','954740','null'),(2364,'Royalty','O’Connor','902869','Ms'),(2365,'Tatum','Wiggins','902869','Mr'),(2366,'Navy','Hensley','237562','Mr'),(2367,'Caleb','Magana','192970','null'),(2368,'Samson','Morgan','192970','Ms'),(2369,'Arianna','Pratt','885935','Mr'),(2370,'Alana','Bernal','885935','Ms'),(2371,'Timothy','Rosario','628603','Ms'),(2372,'June','Hanson','628603','Mrs'),(2373,'Dakota','May','628603','Mr'),(2374,'Oaklee','Graham','628603','null'),(2375,'Omar','Woods','233579','null'),(2376,'Karter','Lam','233579','Mr'),(2377,'Jemma','Rangel','908804','null'),(2378,'Harmony','Nolan','908804','null'),(2379,'Christian','Weaver','908804','Ms'),(2380,'Ellen','Cole','689719','null'),(2381,'Arianna','Sexton','689719','Mr'),(2382,'Adonis','Leal','689719','Mrs'),(2383,'Tyler','Douglas','313914','null'),(2384,'Lina','Camacho','313914','Ms'),(2385,'Cataleya','Calhoun','313914','Mrs'),(2386,'Boone','Moss','313914','Ms'),(2387,'Aubrielle','Riley','313914','Mrs'),(2388,'Caleb','Magana','772440','Mr'),(2389,'Ruben','Castillo','772440','Ms'),(2390,'Khalil','Cummings','772440','null'),(2391,'Jolie','Macdonald','927742','Mrs'),(2392,'Adonis','Leal','927742','Mrs'),(2393,'Graham','Nava','927742','Ms'),(2394,'Lucia','Craig','927742','null'),(2395,'Alexa','Snow','389249','Ms'),(2396,'Leo','Lane','389249','Mr'),(2397,'Adley','Bean','389249','null'),(2398,'Celine','Ramsey','389249','Mr'),(2399,'Elise','Solis','389249','Mrs'),(2400,'Azrael','Parsons','361066','Mrs'),(2401,'Aidan','Morris','361066','null'),(2402,'Alejandra','Cunningham','535166','Mr'),(2403,'Kiara','Matthews','535166','Ms'),(2404,'Belle','Wilkinson','535166','Mrs'),(2405,'Matias','Hopkins','930940','Mr'),(2406,'Kataleya','Estrada','501411','Mr'),(2407,'Crystal','Patton','501411','null'),(2408,'Jayla','Ponce','231145','Mr'),(2409,'Selah','Jordan','231145','null'),(2410,'Armani','Harrison','857314','null'),(2411,'Amalia','Anthony','857314','Mr'),(2412,'Hayley','Phillips','857314','null'),(2413,'Brycen','Turner','961464','Ms'),(2414,'Ace','Bartlett','961464','Mrs'),(2415,'Ryder','Brennan','176318','Mr'),(2416,'Noah','Vo','176318','Mrs'),(2417,'Briana','Fisher','176318','Mr'),(2418,'Landon','Long','788002','Ms'),(2419,'Eddie','Tucker','788002','Ms'),(2420,'Layne','Warner','788002','Ms'),(2421,'Rey','Decker','494048','Mrs'),(2422,'Malia','Gross','494048','null'),(2423,'Emberly','Malone','494048','Mr'),(2424,'Valentina','Burke','429610','Mrs'),(2425,'Katelyn','Dorsey','429610','Mr'),(2426,'Elaine','Vang','429610','Ms'),(2427,'Mira','Burton','429610','Ms'),(2428,'Easton','Green','429610','Mr'),(2429,'Kiaan','Hickman','564276','Mr'),(2430,'Jolie','Rivera','564276','Mr'),(2431,'Leila','Harmon','191353','Mr'),(2432,'Daphne','Hodge','191353','Ms'),(2433,'Zahra','Lucero','191353','null'),(2434,'Selah','Greene','191353','Mr'),(2435,'Willow','Fry','399340','Mrs'),(2436,'Amara','Kramer','399340','Mrs'),(2437,'Stephanie','Sullivan','399340','Mr'),(2438,'Ainsley','Lynn','399340','Mrs'),(2439,'Aidan','Parks','399340','null'),(2440,'Jasmine','Ibarra','399340','Ms'),(2441,'Christian','Weaver','106928','null'),(2442,'Gordon','Hardin','280096','Mrs'),(2443,'Ari','Franklin','280096','Mr'),(2444,'Jolie','Rivera','151900','Mr'),(2445,'Oaklee','Barnett','151900','Ms'),(2446,'Ruben','Castillo','151900','Mrs'),(2447,'Phoenix','Winters','151900','Mr'),(2448,'Huxley','O’Donnell','151900','Ms'),(2449,'Lacey','Dodson','602923','Mr'),(2450,'Maxine','French','334303','null'),(2451,'Mariah','Frost','334303','Mr'),(2452,'Addilynn','Chavez','334303','Ms'),(2453,'Bruno','Whitehead','491410','Mrs'),(2454,'Jamie','Marsh','491410','Mrs'),(2455,'Atreus','James','491410','null'),(2456,'Addilyn','Weiss','427521','Mr'),(2457,'Tanner','Vu','427521','null'),(2458,'Diana','Atkins','427521','Mr'),(2459,'Jack','Salinas','815712','Ms'),(2460,'Dayton','Rivers','815712','Mrs'),(2461,'Kobe','Owens','815712','Mrs'),(2462,'Korbyn','Pugh','874407','Mr'),(2463,'Cade','Dixon','874407','Ms'),(2464,'Finn','Duncan','874407','Mr'),(2465,'Arya','Decker','605208','Mr'),(2466,'Xander','Zimmerman','605208','Mrs'),(2467,'Cataleya','Calhoun','605208','Mrs'),(2468,'Hank','Richards','296091','null'),(2469,'Colter','Edwards','296091','null'),(2470,'Aarav','McFarland','759962','Ms'),(2471,'Brantley','Delacruz','759962','null'),(2472,'Ariyah','Curry','759962','null'),(2473,'Lydia','Wood','615948','Ms'),(2474,'Ariyah','David','615948','Mrs'),(2475,'Emma','Vo','405050','null'),(2476,'Ibrahim','Monroe','405050','Mrs'),(2477,'Zayd','Heath','405050','Mrs'),(2478,'Mekhi','Hahn','863418','Mr'),(2479,'Paula','Paul','863418','Ms'),(2480,'Emma','Vo','863418','Mr'),(2481,'Leonidas','Sherman','863418','Ms'),(2482,'Jada','Moore','317739','Mr'),(2483,'Paris','Whitehead','317739','Ms'),(2484,'Alaina','Anthony','317739','Ms'),(2485,'Jamie','Marsh','537988','Mrs'),(2486,'Kimber','Owens','537988','Mr'),(2487,'Kendall','McKay','537988','Mr'),(2488,'Anahi','Castaneda','485299','Mrs'),(2489,'Arielle','Nunez','485299','null'),(2490,'Jimmy','Conley','613376','null'),(2491,'Lyanna','Good','613376','Ms'),(2492,'Jakob','Rodgers','613376','null'),(2493,'Jay','Zimmerman','613376','null'),(2494,'River','Brady','613376','Ms'),(2495,'Briar','Ali','452583','null'),(2496,'Aniyah','Valenzuela','452583','Mrs'),(2497,'Kamari','Mendoza','452583','null'),(2498,'Esteban','Melton','710407','null'),(2499,'Flynn','Reese','710407','Mrs'),(2500,'Mackenzie','Rangel','710407','Mr'),(2501,'Grey','Ryan','710407','Mr'),(2502,'Malayah','Brennan','524987','Mr'),(2503,'Killian','Fitzgerald','524987','Mr'),(2504,'Maximilian','Norris','524987','Mr'),(2505,'Enoch','Jones','931960','Ms'),(2506,'Navy','Hensley','280582','Mrs'),(2507,'Malayah','Brennan','280582','null'),(2508,'Aryan','Chang','280582','Ms'),(2509,'Murphy','Meyers','280582','Ms'),(2510,'Mylo','Huynh','693256','null'),(2511,'Cataleya','Calhoun','693256','Mr'),(2512,'Richard','Le','197441','Mr'),(2513,'Mccoy','Yu','197441','Mrs'),(2514,'Summer','Quinn','197441','null'),(2515,'Soren','Patton','197441','Mrs'),(2516,'Maddox','Fitzgerald','848560','null'),(2517,'Calum','Evans','880078','Ms'),(2518,'Arjun','Patton','880078','null'),(2519,'Kason','Hancock','211226','null'),(2520,'Milo','Rich','166643','Ms'),(2521,'Elisabeth','Hensley','166643','null'),(2522,'Soren','Dyer','166643','Ms'),(2523,'Saint','Tate','901331','null'),(2524,'Amaya','Long','901331','Mrs'),(2525,'Aarav','McFarland','901331','Mr'),(2526,'Legacy','Garza','906176','Ms'),(2527,'Malaysia','Montgomery','906176','null'),(2528,'Marlon','Alfaro','906176','Ms'),(2529,'Joey','Ibarra','906176','Mr'),(2530,'Jax','Rodgers','787028','Ms'),(2531,'Dominick','Crawford','787028','Mr'),(2532,'Savanna','Rivera','787028','Mr'),(2533,'Jack','Salinas','787028','null'),(2534,'Gemma','Malone','741866','Mr'),(2535,'Bjorn','Huynh','741866','Mr'),(2536,'Mark','Gonzales','741866','Ms'),(2537,'Emiliano','Salazar','741866','Mr'),(2538,'Charles','Hobbs','125226','null'),(2539,'Daphne','Hodge','218242','Mr'),(2540,'Isaac','Wagner','218242','Ms'),(2541,'Rey','Dennis','218242','null'),(2542,'Arjun','Patton','218242','Mr'),(2543,'Carl','Abbott','225057','Mr'),(2544,'Josiah','Flowers','225057','null'),(2545,'Wilson','Wong','225057','Mr'),(2546,'Lilianna','Mann','225057','Mrs'),(2547,'Diego','Spence','225057','Mr'),(2548,'Juliana','Wiley','225057','Mrs'),(2549,'Mccoy','Yu','482409','null'),(2550,'Ariyah','Curry','914263','null'),(2551,'Sage','Ford','914263','null'),(2552,'Hana','Robertson','914263','null'),(2553,'Freya','George','914709','Mrs'),(2554,'Briar','Ali','914709','Ms'),(2555,'Casen','Tang','220844','Ms'),(2556,'Dante','Avila','220844','Ms'),(2557,'Ledger','Cook','234732','Mrs'),(2558,'Aleena','Kirk','234732','Ms'),(2559,'Milo','Rich','234732','null'),(2560,'Bryson','Page','310053','null'),(2561,'Keanu','Wright','310053','null'),(2562,'Brennan','Morgan','310053','Mr'),(2563,'Halle','Raymond','339405','null'),(2564,'Briggs','Robinson','339405','Mr'),(2565,'Blake','Liu','339405','null'),(2566,'Katelyn','Daniels','339405','Mrs'),(2567,'Ben','Pope','339405','Ms'),(2568,'Selah','Jordan','230461','null'),(2569,'Londyn','Shepherd','230461','Ms'),(2570,'Tatum','Wiggins','858140','Ms'),(2571,'Addisyn','Villarreal','858140','Mrs'),(2572,'Alayna','Doyle','858140','Ms'),(2573,'Aarya','Cain','958316','Mr'),(2574,'Kamiyah','Warren','958316','Mrs'),(2575,'Katie','Ryan','414570','Mrs'),(2576,'Michelle','McKee','414570','Ms'),(2577,'Saint','Heath','414570','Mr'),(2578,'Bishop','Reed','414570','Mrs'),(2579,'Rhys','Boone','414570','null'),(2580,'Morgan','Lane','469528','null'),(2581,'Selah','Greene','469528','Ms'),(2582,'Sylas','Kent','692857','null'),(2583,'Salem','Ortega','814827','null'),(2584,'Maddox','Fitzgerald','859987','null'),(2585,'Amani','Lynn','859987','null'),(2586,'Juliette','Golden','916952','Mrs'),(2587,'Andrew','Ingram','916952','null'),(2588,'Bode','Rios','827349','Ms'),(2589,'Hayley','Phillips','827349','Mr'),(2590,'Coraline','Dalton','827349','null'),(2591,'Dante','Avila','540063','null'),(2592,'Nathalia','Kim','540063','null'),(2593,'Joey','Davidson','540063','Mr'),(2594,'Jax','Watkins','540063','Mr'),(2595,'Bridget','Cruz','540063','null'),(2596,'Leilani','Leblanc','683407','Mr'),(2597,'Khalil','Macdonald','683407','Mr'),(2598,'Aaron','Medrano','683407','Mrs'),(2599,'Sam','Bass','218032','Mr'),(2600,'Violet','Knox','218032','Mrs'),(2601,'Carl','Abbott','218032','Ms'),(2602,'Solomon','Lane','218032','Mr'),(2603,'Iyla','Roy','474264','Mrs'),(2604,'Emerson','Hunt','474264','Mr'),(2605,'Colette','Dickson','474264','Mr'),(2606,'Amiyah','Watts','224670','Mrs'),(2607,'Maurice','Baker','432208','Mrs'),(2608,'Carolyn','Barry','432208','Ms'),(2609,'Ramon','Knapp','432208','Mrs'),(2610,'Mauricio','Espinosa','432208','Mrs'),(2611,'Karter','Lam','643359','Mrs'),(2612,'Avery','Petersen','643359','null'),(2613,'Bruno','Whitehead','643359','null'),(2614,'Amiyah','Watts','643359','Ms'),(2615,'Maria','Magana','643359','Mrs'),(2616,'Noel','Schwartz','523513','Mrs'),(2617,'Amelia','Huff','288844','Mrs'),(2618,'Alyssa','Willis','955004','Ms'),(2619,'Rey','Dennis','955004','Ms'),(2620,'Braylee','Barrett','955004','Mrs'),(2621,'Haven','Boyd','200837','Mr'),(2622,'Wilson','Wong','710886','Mr'),(2623,'Carson','Rivers','710886','Mrs'),(2624,'Rowen','Burnett','710886','null'),(2625,'Tinsley','Espinosa','553727','Mrs'),(2626,'Leila','Harmon','553727','null'),(2627,'Palmer','Lynn','626744','null'),(2628,'Crosby','Santana','626744','Mr'),(2629,'Ariya','Brooks','626744','Mrs'),(2630,'Ira','Li','154280','null'),(2631,'Flora','Aguilar','154280','Mrs'),(2632,'Juliana','McLean','154280','null'),(2633,'Mabel','Wall','183747','Mr'),(2634,'Royce','Chapman','741741','Ms'),(2635,'Ricky','Haley','392512','Mrs'),(2636,'Hakeem','McClure','392512','null'),(2637,'Brielle','Pugh','392512','null'),(2638,'Jemma','Vaughan','474672','null'),(2639,'Leland','Robertson','474672','Ms'),(2640,'Amari','Alvarado','474672','Ms'),(2641,'Zayd','Heath','474672','Mrs'),(2642,'Malayah','Brennan','821917','Mr'),(2643,'Finnegan','Sawyer','361045','Mrs'),(2644,'Hugh','Friedman','361045','null'),(2645,'Scarlette','Haynes','149121','null'),(2646,'Messiah','Bowers','149121','Mrs'),(2647,'Kobe','Owens','773045','Mrs'),(2648,'Jolene','Moses','773045','Mr'),(2649,'Tristen','Henry','773045','Mrs'),(2650,'Zechariah','Ballard','773045','Mr'),(2651,'Malia','Gross','305099','Mr'),(2652,'Helen','Mosley','305099','Ms'),(2653,'Paige','Burns','722002','Mrs'),(2654,'Mckenna','Hardy','667546','Ms'),(2655,'Lara','Knox','667546','Ms'),(2656,'Briar','Wise','667546','Ms'),(2657,'Hunter','Winters','875373','Ms'),(2658,'Taylor','Golden','756487','Mr'),(2659,'Jay','Zimmerman','756487','Ms'),(2660,'Rowen','Burnett','756487','null'),(2661,'Alonso','Walton','756487','Mrs'),(2662,'Juliana','Wiley','874662','Mr'),(2663,'Robin','Morris','874662','Mr'),(2664,'Bryson','Maynard','874662','Ms'),(2665,'Addisyn','Villarreal','826435','Mrs'),(2666,'Quinn','Ayers','826435','Mrs'),(2667,'Coraline','Nelson','826435','Mr'),(2668,'Kynlee','Vazquez','826435','null'),(2669,'Myla','Jarvis','826435','Mr'),(2670,'Legend','Thornton','671890','Mr'),(2671,'Michelle','McKee','671890','Mrs'),(2672,'Rocco','Moody','336788','null'),(2673,'Dylan','Wallace','336788','Mrs'),(2674,'Zuri','Hanson','336788','Mrs'),(2675,'Marlee','Lucas','336788','Ms'),(2676,'Siena','Castillo','986319','null'),(2677,'Athena','Lowe','986319','Ms'),(2678,'Natalia','Ball','238309','null'),(2679,'Vada','Orr','238309','Mrs'),(2680,'Colter','Edwards','203154','Mr'),(2681,'Ruben','Castillo','873756','Mr'),(2682,'Alexia','Callahan','873756','Mr'),(2683,'Morgan','Lane','215715','Mr'),(2684,'Mohammad','Anthony','215715','Ms'),(2685,'Anaya','Esparza','958930','Mrs'),(2686,'Aaliyah','Johnston','996984','Ms'),(2687,'Robin','Mullen','996984','Ms'),(2688,'Alexandria','Blevins','356016','null'),(2689,'Clayton','Dudley','356016','Ms'),(2690,'Hakeem','Lowery','850883','null'),(2691,'Kiana','Briggs','850883','null'),(2692,'Hadley','Strong','850883','Mrs'),(2693,'Roselyn','Martin','612507','Mrs'),(2694,'Liam','Shah','612507','null'),(2695,'Griffin','Lopez','612507','null'),(2696,'Lionel','Levy','612507','Mr'),(2697,'Navy','Hensley','810969','null'),(2698,'Elaine','Fisher','810969','Ms'),(2699,'Zaid','Rosario','703671','null'),(2700,'Kashton','Dunn','703671','Mrs'),(2701,'Aidan','Morris','703671','Mr'),(2702,'Isaac','Wagner','494493','Ms'),(2703,'Hamza','Frank','494493','Ms'),(2704,'Ian','Strickland','141892','Ms'),(2705,'Jessie','Brandt','141892','null'),(2706,'Tristen','Henry','141892','null'),(2707,'Willow','Fry','300763','null'),(2708,'Megan','Palmer','300763','Mr'),(2709,'Quinton','Lee','300763','Mrs'),(2710,'Castiel','Marsh','675795','null'),(2711,'Jett','Reyes','675795','null'),(2712,'Leona','Dyer','675795','Mr'),(2713,'Maxton','Camacho','117889','null'),(2714,'Eve','Wilkins','117889','Mrs'),(2715,'Eddie','Tucker','963747','Mr'),(2716,'Eddie','Tucker','963747','Mrs'),(2717,'Conrad','Velez','150836','null'),(2718,'Juliana','McLean','888203','Ms'),(2719,'Mathew','Velez','888203','Mrs'),(2720,'Quinn','Ayers','888203','null'),(2721,'Coen','Dickson','888203','Ms'),(2722,'Kimora','Cherry','888203','Ms'),(2723,'Skyler','Robbins','410408','null'),(2724,'Brooklyn','Morgan','410408','Mrs'),(2725,'Alexandria','Blevins','439530','Mr'),(2726,'Marlon','Mathews','439530','null'),(2727,'Easton','Macias','439530','Mrs'),(2728,'Noa','Kane','439530','Mrs'),(2729,'Kara','Williamson','820148','Mrs'),(2730,'Caiden','Ashley','820148','null'),(2731,'Collin','Gill','219772','Ms'),(2732,'Adler','Rogers','219772','Mr'),(2733,'Armani','Harrison','219772','Ms'),(2734,'August','McCullough','219772','Mr'),(2735,'Nataly','Clarke','219772','Mr'),(2736,'Aubrielle','Riley','677004','Ms'),(2737,'Alana','Bernal','677004','Mrs'),(2738,'Rosa','Russo','677004','Mr'),(2739,'Makenzie','Robertson','294618','Ms'),(2740,'Delilah','Butler','294618','Mr'),(2741,'Liam','Shah','294618','Mr'),(2742,'Malaysia','Montgomery','573946','Ms'),(2743,'Soren','Dyer','573946','null'),(2744,'Kylian','Pearson','573946','Mrs'),(2745,'Gary','McCarty','573946','Mr'),(2746,'Linda','McLean','573946','null'),(2747,'Winston','Lindsey','465158','Ms'),(2748,'Summer','Vargas','465158','null'),(2749,'Isaiah','Lambert','465158','Ms'),(2750,'Bodie','Walker','558359','null'),(2751,'Sutton','Hensley','218737','null'),(2752,'Tommy','Cohen','218737','null'),(2753,'Riggs','Patel','218737','Ms'),(2754,'Carolyn','Barry','218737','Ms'),(2755,'Khalid','Newman','343027','null'),(2756,'Dominick','Crawford','257334','Mr'),(2757,'Quinton','Lee','257334','Mr'),(2758,'Preston','Hamilton','257334','Ms'),(2759,'Finn','Duncan','257334','null'),(2760,'Hakeem','McClure','807118','Mrs'),(2761,'Serenity','Steele','807118','Mr'),(2762,'Ivy','York','807118','Ms'),(2763,'Keegan','Bowers','807118','Ms'),(2764,'Princess','Rojas','306338','Mrs'),(2765,'Sam','Bass','306338','Mr'),(2766,'Austin','Myers','306338','Mr'),(2767,'Marceline','McCullough','687563','Mr');
/*!40000 ALTER TABLE `passenger` ENABLE KEYS */;
UNLOCK TABLES;

--
-- Table structure for table `seat`
--

DROP TABLE IF EXISTS `seat`;
/*!40101 SET @saved_cs_client     = @@character_set_client */;
/*!50503 SET character_set_client = utf8mb4 */;
CREATE TABLE `seat` (
  `seat_no` varchar(5) NOT NULL,
  `class` varchar(30) DEFAULT NULL,
  `flight_id` int NOT NULL,
  `passenger_id` int NOT NULL DEFAULT '0',
  PRIMARY KEY (`seat_no`,`flight_id`),
  KEY `flight_id` (`flight_id`),
  CONSTRAINT `seat_ibfk_2` FOREIGN KEY (`flight_id`) REFERENCES `flight` (`flight_id`)
) ENGINE=InnoDB DEFAULT CHARSET=utf8mb4 COLLATE=utf8mb4_0900_ai_ci;
/*!40101 SET character_set_client = @saved_cs_client */;

--
-- Dumping data for table `seat`
--

LOCK TABLES `seat` WRITE;
/*!40000 ALTER TABLE `seat` DISABLE KEYS */;
INSERT INTO `seat` VALUES ('01A','Economy',100,3),('01A','Economy',119,654),('01A','Economy',121,2600),('01A','Economy',136,780),('01A','Economy',145,628),('01A','Economy',148,545),('01A','Economy',151,1491),('01A','Economy',161,2711),('01A','Economy',167,687),('01A','Economy',170,1009),('01A','Economy',177,2044),('01A','Economy',178,80),('01A','Economy',183,1341),('01A','Economy',184,251),('01A','Economy',189,679),('01A','Economy',197,2584),('01A','1st class',202,70),('01A','1st class',205,530),('01A','1st class',210,2243),('01A','1st class',221,446),('01A','1st class',222,1286),('01A','1st class',224,116),('01A','1st class',225,2029),('01B','Economy',120,340),('01B','Economy',121,2232),('01B','Economy',122,53),('01B','Economy',136,2211),('01B','Economy',138,1697),('01B','Economy',155,154),('01B','Economy',161,1581),('01B','Economy',162,2228),('01B','Economy',170,1010),('01B','Economy',177,2719),('01B','Economy',193,2514),('01B','Economy',197,1965),('01B','1st class',200,1077),('01B','1st class',202,2683),('01B','1st class',203,196),('01B','1st class',206,656),('01B','1st class',216,371),('01B','1st class',221,1728),('01C','Economy',100,2309),('01C','Economy',120,2268),('01C','Economy',121,2206),('01C','Economy',127,2214),('01C','Economy',128,644),('01C','Economy',132,1878),('01C','Economy',152,2518),('01C','Economy',159,701),('01C','Economy',162,2032),('01C','Economy',166,1813),('01C','Economy',170,42),('01C','Economy',173,2746),('01C','Economy',177,96),('01C','Economy',183,2320),('01C','Economy',188,1056),('01C','Economy',192,1308),('01E','1st class',201,2690),('01E','1st class',202,351),('01E','1st class',204,2106),('01E','1st class',207,2392),('01E','1st class',209,2640),('01E','1st class',215,108),('01E','1st class',221,2170),('01E','1st class',224,114),('01E','1st class',226,1580),('01F','1st class',201,805),('01F','1st class',206,1819),('01F','1st class',222,1794),('02A','Economy',100,2608),('02A','Economy',101,2363),('02A','Economy',120,1787),('02A','Economy',121,1132),('02A','Economy',127,2374),('02A','Economy',138,1957),('02A','Economy',145,1883),('02A','Economy',146,1548),('02A','Economy',150,662),('02A','Economy',161,1442),('02A','Economy',163,1660),('02A','Economy',168,677),('02A','Economy',169,479),('02A','Economy',173,478),('02A','Economy',175,1802),('02A','Economy',176,2055),('02A','Economy',177,1685),('02A','Economy',178,1319),('02A','Economy',182,970),('02A','Economy',194,84),('02A','Economy',197,1094),('02A','1st class',203,2737),('02A','1st class',209,2638),('02A','1st class',215,1108),('02A','1st class',217,319),('02A','1st class',220,2130),('02B','Economy',120,1745),('02B','Economy',123,124),('02B','Economy',124,270),('02B','Economy',127,1913),('02B','Economy',128,364),('02B','Economy',136,779),('02B','Economy',145,722),('02B','Economy',167,1205),('02B','Economy',170,1530),('02B','Economy',171,888),('02B','Economy',176,1944),('02B','Economy',177,471),('02B','Economy',184,568),('02B','Economy',196,2134),('02B','1st class',203,198),('02B','1st class',205,1710),('02B','1st class',214,1022),('02B','1st class',215,2129),('02B','1st class',218,573),('02B','1st class',219,2249),('02B','1st class',222,114),('02B','1st class',225,1476),('02C','Economy',118,2002),('02C','Economy',119,665),('02C','Economy',121,2210),('02C','Economy',123,76),('02C','Economy',135,1662),('02C','Economy',146,1102),('02C','Economy',153,1272),('02C','Economy',168,1799),('02C','Economy',169,2483),('02C','Economy',189,2037),('02C','Economy',194,2238),('02D','Economy',117,40),('02D','Economy',141,1428),('02D','Economy',151,2425),('02D','Economy',154,1431),('02D','Economy',156,2458),('02D','Economy',157,541),('02D','Economy',162,1267),('02D','Economy',174,302),('02D','Economy',176,798),('02D','Economy',178,424),('02D','Economy',182,972),('02D','Economy',190,2386),('02D','Economy',195,2135),('02E','Economy',100,369),('02E','Economy',117,2600),('02E','Economy',126,1427),('02E','Economy',127,885),('02E','Economy',130,1967),('02E','Economy',131,785),('02E','Economy',135,690),('02E','Economy',136,1047),('02E','Economy',138,2658),('02E','Economy',150,663),('02E','Economy',156,2662),('02E','Economy',161,1062),('02E','Economy',164,2174),('02E','Economy',175,437),('02E','Economy',184,567),('02E','Economy',185,125),('02E','Economy',186,409),('02E','Economy',190,2384),('02E','Economy',193,1503),('02E','1st class',202,1677),('02E','1st class',208,2446),('02E','1st class',209,549),('02E','1st class',219,2202),('02E','1st class',221,2167),('02F','Economy',120,2568),('02F','Economy',122,2674),('02F','Economy',126,1160),('02F','Economy',134,1252),('02F','Economy',139,2548),('02F','Economy',144,1892),('02F','Economy',145,32),('02F','Economy',147,767),('02F','Economy',148,208),('02F','Economy',149,1626),('02F','Economy',154,247),('02F','Economy',156,1536),('02F','Economy',157,2275),('02F','Economy',161,1453),('02F','Economy',183,2535),('02F','Economy',192,39),('02F','Economy',195,829),('02F','1st class',210,2336),('02F','1st class',214,220),('02F','1st class',215,1995),('02F','1st class',216,1496),('02F','1st class',220,2627),('02F','1st class',222,117),('02F','1st class',223,2526),('03A','Economy',120,2063),('03A','Economy',122,1798),('03A','Economy',123,2162),('03A','Economy',126,481),('03A','Economy',131,280),('03A','Economy',132,1538),('03A','Economy',134,1701),('03A','Economy',138,2661),('03A','Economy',139,2084),('03A','Economy',143,636),('03A','Economy',147,2377),('03A','Economy',161,407),('03A','Economy',166,2533),('03A','Economy',167,712),('03A','Economy',170,1667),('03A','Economy',177,2039),('03A','Economy',189,1400),('03A','Economy',193,2476),('03A','Economy',194,2496),('03A','Economy',195,708),('03A','1st class',201,1459),('03A','1st class',203,2708),('03A','1st class',211,1147),('03A','1st class',216,1497),('03A','1st class',221,1727),('03A','1st class',222,1987),('03A','1st class',223,1179),('03B','Economy',122,440),('03B','Economy',124,2003),('03B','Economy',136,442),('03B','Economy',146,1371),('03B','Economy',152,102),('03B','Economy',159,1429),('03B','Economy',163,1096),('03B','Economy',177,1590),('03B','Economy',180,1578),('03B','Economy',182,2278),('03B','Economy',187,1151),('03B','Economy',193,2593),('03B','1st class',201,2691),('03B','1st class',206,2443),('03B','1st class',217,12),('03B','1st class',225,1179),('03B','1st class',226,1752),('03C','Economy',100,7),('03C','Economy',118,2231),('03C','Economy',121,2390),('03C','Economy',122,1288),('03C','Economy',123,1165),('03C','Economy',124,754),('03C','Economy',126,1161),('03C','Economy',131,850),('03C','Economy',132,1664),('03C','Economy',134,1989),('03C','Economy',136,2159),('03C','Economy',144,2560),('03C','Economy',146,2212),('03C','Economy',166,968),('03C','Economy',176,2310),('03C','Economy',178,460),('03C','Economy',188,773),('03D','Economy',100,10),('03D','Economy',118,1059),('03D','Economy',121,2231),('03D','Economy',132,1177),('03D','Economy',133,1562),('03D','Economy',138,962),('03D','Economy',149,625),('03D','Economy',166,1244),('03D','Economy',169,344),('03D','Economy',175,967),('03D','Economy',177,949),('03D','Economy',178,911),('03D','Economy',188,1113),('03D','Economy',195,1713),('03E','Economy',100,11),('03E','Economy',120,557),('03E','Economy',124,63),('03E','Economy',134,955),('03E','Economy',135,475),('03E','Economy',144,2561),('03E','Economy',145,1671),('03E','Economy',146,1900),('03E','Economy',147,2663),('03E','Economy',165,1866),('03E','Economy',167,1672),('03E','Economy',178,81),('03E','Economy',182,191),('03E','Economy',183,380),('03E','Economy',185,1999),('03E','Economy',190,429),('03E','Economy',191,392),('03E','Economy',192,1584),('03E','1st class',202,1939),('03E','1st class',205,2633),('03E','1st class',214,1002),('03E','1st class',218,2557),('03E','1st class',219,2205),('03F','Economy',100,1856),('03F','Economy',122,2344),('03F','Economy',124,797),('03F','Economy',127,1911),('03F','Economy',140,133),('03F','Economy',145,401),('03F','Economy',150,664),('03F','Economy',151,592),('03F','Economy',156,168),('03F','Economy',159,1512),('03F','Economy',162,1992),('03F','Economy',163,422),('03F','Economy',170,1319),('03F','Economy',181,1827),('03F','Economy',186,2326),('03F','Economy',193,1505),('03F','Economy',197,794),('03F','1st class',207,534),('03F','1st class',211,1129),('03F','1st class',215,853),('03F','1st class',218,784),('03F','1st class',222,1793),('03F','1st class',224,1489),('04A','Economy',100,1855),('04A','Economy',123,2081),('04A','Economy',127,2373),('04A','Economy',129,939),('04A','Economy',132,245),('04A','Economy',138,896),('04A','Economy',143,243),('04A','Economy',145,1645),('04A','Economy',147,2379),('04A','Economy',151,2329),('04A','Economy',154,1070),('04A','Economy',161,1629),('04A','Economy',162,1073),('04A','Economy',170,1529),('04A','Economy',175,564),('04A','Economy',182,260),('04A','Economy',183,1340),('04A','Economy',188,1075),('04A','Economy',190,2136),('04A','Business',202,231),('04A','Business',207,1327),('04A','Business',208,2506),('04A','Business',214,218),('04A','Business',216,720),('04A','Business',217,1315),('04A','Business',223,1751),('04B','Economy',100,1620),('04B','Economy',118,2565),('04B','Economy',123,1144),('04B','Economy',136,109),('04B','Economy',138,1136),('04B','Economy',141,1696),('04B','Economy',151,984),('04B','Economy',162,1071),('04B','Economy',165,1865),('04B','Economy',167,1673),('04B','Economy',169,555),('04B','Economy',172,1871),('04B','Economy',181,2050),('04B','Economy',188,337),('04B','Economy',189,1307),('04B','Economy',190,2573),('04B','Economy',196,1724),('04B','Business',202,574),('04B','Business',206,1676),('04B','Business',207,870),('04B','Business',215,2248),('04B','Business',216,2340),('04B','Business',220,1002),('04C','Economy',120,1260),('04C','Economy',123,1828),('04C','Economy',124,2569),('04C','Economy',141,463),('04C','Economy',142,1617),('04C','Economy',146,1956),('04C','Economy',153,1567),('04C','Economy',166,1816),('04C','Economy',169,556),('04C','Economy',173,2677),('04C','Economy',191,1211),('04C','Business',203,704),('04C','Business',204,1363),('04C','Business',205,932),('04C','Business',216,1715),('04C','Business',219,2112),('04C','Business',220,2287),('04C','Business',222,99),('04D','Economy',117,315),('04D','Economy',120,1111),('04D','Economy',126,2758),('04D','Economy',134,178),('04D','Economy',136,1644),('04D','Economy',144,139),('04D','Economy',145,633),('04D','Economy',146,178),('04D','Economy',153,1958),('04D','Economy',173,877),('04D','Economy',174,670),('04D','Economy',189,602),('04D','Business',201,1397),('04D','Business',202,620),('04D','Business',207,1326),('04D','Business',212,527),('04D','Business',214,217),('04D','Business',219,1222),('04D','Business',226,1287),('04E','Economy',120,2636),('04E','Economy',122,1930),('04E','Economy',127,360),('04E','Economy',132,616),('04E','Economy',134,2516),('04E','Economy',138,1700),('04E','Economy',143,615),('04E','Economy',145,941),('04E','Economy',147,863),('04E','Economy',158,2285),('04E','Economy',161,745),('04E','Economy',168,579),('04E','Economy',170,2588),('04E','Economy',175,878),('04E','Economy',178,423),('04E','Economy',185,2182),('04E','Economy',190,2385),('04E','Economy',195,1554),('04E','Economy',196,2686),('04E','Economy',197,1554),('04E','Economy',198,1050),('04E','Business',204,1434),('04E','Business',214,1360),('04E','Business',219,1223),('04E','Business',221,2168),('04E','Business',222,1475),('04E','Business',223,2338),('04F','Economy',100,2607),('04F','Economy',120,756),('04F','Economy',122,1797),('04F','Economy',123,1143),('04F','Economy',133,2488),('04F','Economy',139,2544),('04F','Economy',144,135),('04F','Economy',147,765),('04F','Economy',156,1625),('04F','Economy',160,544),('04F','Economy',176,782),('04F','Economy',186,1577),('04F','Economy',188,2387),('04F','Economy',191,840),('04F','Economy',196,917),('04F','Economy',197,1093),('04F','Business',204,230),('04F','Business',206,1675),('04F','Business',209,224),('04F','Business',213,985),('04F','Business',214,1001),('04F','Business',215,365),('04F','Business',219,997),('04F','Business',225,1705),('05A','Economy',100,762),('05A','Economy',120,1413),('05A','Economy',133,1618),('05A','Economy',136,2562),('05A','Economy',144,236),('05A','Economy',146,1370),('05A','Economy',147,812),('05A','Economy',151,1267),('05A','Economy',158,923),('05A','Economy',159,387),('05A','Economy',162,2221),('05A','Economy',164,1081),('05A','Economy',169,1760),('05A','Economy',170,204),('05A','Economy',173,2676),('05A','Economy',175,2482),('05A','Economy',176,1460),('05A','Economy',177,202),('05A','Economy',179,569),('05A','Economy',186,411),('05A','Economy',193,2147),('05A','Business',223,1299),('05A','Business',224,1043),('05B','Economy',117,316),('05B','Economy',119,1184),('05B','Economy',120,1923),('05B','Economy',126,321),('05B','Economy',127,361),('05B','Economy',129,884),('05B','Economy',133,2598),('05B','Economy',134,177),('05B','Economy',136,725),('05B','Economy',144,896),('05B','Economy',145,630),('05B','Economy',151,2427),('05B','Economy',153,2699),('05B','Economy',157,540),('05B','Economy',162,1374),('05B','Economy',163,1656),('05B','Economy',164,1694),('05B','Economy',165,1909),('05B','Economy',168,378),('05B','Economy',170,650),('05B','Economy',171,2313),('05B','Economy',172,1594),('05B','Economy',177,2634),('05B','Economy',180,1998),('05B','Business',212,2639),('05B','Business',215,1025),('05C','Economy',120,1089),('05C','Economy',121,164),('05C','Economy',131,786),('05C','Economy',139,2188),('05C','Economy',145,1699),('05C','Economy',150,727),('05C','Economy',152,48),('05C','Economy',154,994),('05C','Economy',161,963),('05C','Economy',169,1758),('05C','Economy',174,1275),('05C','Economy',179,513),('05C','Economy',180,1576),('05C','Economy',181,1825),('05C','Economy',192,2254),('05C','Economy',194,2236),('05C','Economy',198,2655),('05C','Business',202,575),('05C','Business',204,2362),('05C','Business',207,2343),('05C','Business',216,2474),('05C','Business',217,240),('05C','Business',219,1732),('05D','Economy',101,2565),('05D','Economy',118,124),('05D','Economy',122,1507),('05D','Economy',123,1838),('05D','Economy',124,2250),('05D','Economy',129,1616),('05D','Economy',145,724),('05D','Economy',155,151),('05D','Economy',157,2274),('05D','Economy',158,1934),('05D','Economy',170,1527),('05D','Economy',179,2369),('05D','Economy',184,2058),('05D','Economy',188,276),('05D','Economy',189,39),('05D','Economy',192,679),('05D','Economy',193,2145),('05D','Business',205,622),('05D','Business',216,1343),('05D','Business',219,1221),('05E','Economy',120,455),('05E','Economy',121,1131),('05E','Economy',123,123),('05E','Economy',139,2191),('05E','Economy',142,335),('05E','Economy',144,2073),('05E','Economy',146,2014),('05E','Economy',159,1388),('05E','Economy',165,2697),('05E','Economy',170,80),('05E','Economy',171,2311),('05E','Economy',175,2467),('05E','Economy',177,45),('05E','Economy',184,514),('05E','Economy',192,2437),('05E','Business',199,826),('05E','Business',201,1480),('05E','Business',207,1146),('05E','Business',211,1619),('05E','Business',212,1525),('05E','Business',214,240),('05E','Business',216,1345),('05E','Business',219,2020),('05E','Business',220,365),('05E','Business',226,1725),('05F','Economy',120,1411),('05F','Economy',122,1289),('05F','Economy',123,316),('05F','Economy',127,1570),('05F','Economy',129,430),('05F','Economy',139,2224),('05F','Economy',146,29),('05F','Economy',149,835),('05F','Economy',151,591),('05F','Economy',173,480),('05F','Economy',175,1801),('05F','Economy',177,585),('05F','Economy',183,599),('05F','Economy',188,286),('05F','Economy',189,1211),('05F','Business',203,751),('05F','Business',205,2665),('05F','Business',209,2164),('05F','Business',215,855),('05F','Business',220,1557),('05F','Business',226,2337),('06A','Economy',101,347),('06A','Economy',119,1186),('06A','Economy',121,1338),('06A','Economy',122,353),('06A','Economy',123,653),('06A','Economy',129,883),('06A','Economy',135,1122),('06A','Economy',138,1370),('06A','Economy',143,441),('06A','Economy',153,2701),('06A','Economy',160,2121),('06A','Economy',169,1941),('06A','Economy',170,144),('06A','Economy',172,1446),('06A','Economy',174,113),('06A','Economy',176,806),('06A','Economy',177,1589),('06A','Economy',180,1234),('06A','Economy',182,1283),('06A','Economy',183,2047),('06A','Economy',187,2352),('06A','Economy',189,419),('06A','Economy',190,242),('06A','Business',202,230),('06A','Business',211,1149),('06A','Business',215,1024),('06B','Economy',101,1059),('06B','Economy',117,2163),('06B','Economy',127,976),('06B','Economy',133,2072),('06B','Economy',135,577),('06B','Economy',146,606),('06B','Economy',154,1014),('06B','Economy',163,2366),('06B','Economy',175,894),('06B','Economy',192,2435),('06B','Economy',193,2515),('06B','Economy',194,2240),('06B','Business',201,2581),('06B','Business',203,1037),('06B','Business',205,821),('06B','Business',216,2623),('06B','Business',219,2022),('06C','Economy',100,760),('06C','Economy',124,271),('06C','Economy',126,817),('06C','Economy',127,523),('06C','Economy',128,2486),('06C','Economy',132,1663),('06C','Economy',136,973),('06C','Economy',138,628),('06C','Economy',143,614),('06C','Economy',162,767),('06C','Economy',163,382),('06C','Economy',164,1347),('06C','Economy',165,1907),('06C','Economy',167,950),('06C','Economy',171,1052),('06C','Economy',173,1674),('06C','Economy',175,1691),('06C','Economy',178,2587),('06C','Economy',180,673),('06C','Economy',181,2047),('06C','Economy',188,641),('06C','Economy',192,419),('06C','Economy',196,830),('06C','Business',199,2633),('06C','Business',202,1465),('06C','Business',209,2724),('06C','Business',216,373),('06D','Economy',101,370),('06D','Economy',121,1184),('06D','Economy',126,1424),('06D','Economy',130,2430),('06D','Economy',136,398),('06D','Economy',139,2418),('06D','Economy',147,2678),('06D','Economy',151,1978),('06D','Economy',153,1571),('06D','Economy',166,1891),('06D','Economy',176,1087),('06D','Economy',184,272),('06D','Economy',189,97),('06D','Economy',191,1379),('06D','Business',199,1037),('06D','Business',201,227),('06D','Business',202,72),('06D','Business',203,1038),('06D','Business',204,2396),('06D','Business',206,1076),('06D','Business',212,2391),('06D','Business',216,1494),('06D','Business',225,991),('06E','Economy',130,1278),('06E','Economy',155,129),('06E','Economy',168,302),('06E','Economy',177,1686),('06E','Economy',178,1318),('06E','Economy',181,125),('06E','Economy',185,2001),('06E','Economy',190,2383),('06E','Economy',191,1210),('06E','Economy',193,1215),('06E','Business',223,2582),('06F','Economy',100,1719),('06F','Economy',101,1058),('06F','Economy',132,615),('06F','Economy',141,1331),('06F','Economy',143,449),('06F','Economy',145,721),('06F','Economy',146,31),('06F','Economy',152,2478),('06F','Economy',155,1905),('06F','Economy',159,2006),('06F','Economy',163,113),('06F','Economy',173,2694),('06F','Economy',175,1033),('06F','Economy',184,695),('06F','Economy',194,23),('06F','Economy',196,1723),('06F','Economy',197,2646),('06F','Business',201,803),('06F','Business',202,1650),('06F','Business',214,1845),('06F','Business',220,1874),('07A','Economy',101,2472),('07A','Economy',117,945),('07A','Economy',120,1743),('07A','Economy',124,2004),('07A','Economy',126,965),('07A','Economy',127,1569),('07A','Economy',135,1257),('07A','Economy',141,1357),('07A','Economy',151,982),('07A','Economy',152,1837),('07A','Economy',153,816),('07A','Economy',161,1917),('07A','Economy',164,2175),('07A','Economy',170,1011),('07A','Economy',172,58),('07A','Economy',193,2411),('07A','Economy',195,2177),('07A','Business',205,528),('07A','Business',216,997),('07A','Business',218,1117),('07A','Business',219,1730),('07B','Economy',100,394),('07B','Economy',101,1416),('07B','Economy',122,1264),('07B','Economy',133,61),('07B','Economy',135,1156),('07B','Economy',138,1134),('07B','Economy',139,2222),('07B','Economy',140,131),('07B','Economy',145,627),('07B','Economy',157,1365),('07B','Economy',160,545),('07B','Economy',161,834),('07B','Economy',164,1080),('07B','Economy',167,571),('07B','Economy',170,2718),('07B','Economy',182,1564),('07B','Economy',188,2408),('07B','Economy',189,840),('07B','Economy',190,338),('07B','Economy',193,1963),('07B','Economy',194,1924),('07B','Business',202,1402),('07B','Business',210,868),('07B','Business',216,1848),('07B','Business',220,2628),('07B','Business',221,1219),('07B','Business',222,1580),('07C','Economy',101,1454),('07C','Economy',117,2505),('07C','Economy',118,684),('07C','Economy',120,2748),('07C','Economy',124,65),('07C','Economy',129,483),('07C','Economy',130,1084),('07C','Economy',170,41),('07C','Economy',175,563),('07C','Economy',182,1202),('07C','Economy',188,2291),('07C','Economy',189,1398),('07C','Economy',192,2252),('07C','Business',211,1983),('07C','Business',224,448),('07D','Economy',119,51),('07D','Economy',122,1188),('07D','Economy',138,1699),('07D','Economy',144,2453),('07D','Economy',154,1641),('07D','Economy',156,1653),('07D','Economy',169,658),('07D','Economy',170,2722),('07D','Economy',180,1247),('07D','Economy',184,1182),('07D','Economy',191,1314),('07D','Economy',194,2495),('07D','Business',199,1036),('07D','Business',203,905),('07D','Business',208,2508),('07D','Business',215,2112),('07D','Business',216,873),('07D','Business',219,1170),('07E','Economy',118,2552),('07E','Economy',127,2213),('07E','Economy',129,1614),('07E','Economy',133,461),('07E','Economy',134,1123),('07E','Economy',156,2664),('07E','Economy',159,2154),('07E','Economy',162,765),('07E','Economy',166,1817),('07E','Economy',173,479),('07E','Economy',183,379),('07E','Economy',194,2614),('07E','Business',199,1038),('07E','Business',203,750),('07E','Business',209,2639),('07E','Business',211,2318),('07E','Business',214,1170),('07E','Business',225,2030),('07F','Economy',124,685),('07F','Economy',130,1086),('07F','Economy',138,1698),('07F','Economy',151,2424),('07F','Economy',156,1654),('07F','Economy',162,2478),('07F','Economy',163,1097),('07F','Economy',166,1814),('07F','Economy',168,1801),('07F','Economy',169,2520),('07F','Economy',170,1684),('07F','Economy',172,1656),('07F','Economy',173,1810),('07F','Economy',178,2216),('07F','Economy',185,173),('07F','Economy',186,2618),('07F','Economy',194,283),('07F','Business',207,1018),('07F','Business',209,617),('07F','Business',219,1171),('07F','Business',223,2461),('08A','Economy',118,2230),('08A','Economy',121,510),('08A','Economy',132,376),('08A','Economy',143,520),('08A','Economy',149,2104),('08A','Economy',152,2297),('08A','Economy',154,2220),('08A','Economy',157,148),('08A','Economy',165,55),('08A','Economy',167,1203),('08A','Economy',170,1463),('08A','Economy',175,1799),('08A','Economy',184,2185),('08A','Economy',188,2260),('08A','Economy',189,1933),('08A','Economy',191,1520),('08A','Economy',194,1925),('08A','Business',205,621),('08A','Business',206,2442),('08A','Business',219,1763),('08A','Business',224,446),('08B','Economy',120,454),('08B','Economy',125,1278),('08B','Economy',139,2190),('08B','Economy',141,1356),('08B','Economy',146,1252),('08B','Economy',147,2378),('08B','Economy',148,543),('08B','Economy',149,1509),('08B','Economy',151,2327),('08B','Economy',152,49),('08B','Economy',162,180),('08B','Economy',170,143),('08B','Economy',173,1659),('08B','Economy',174,2186),('08B','Economy',175,823),('08B','Economy',177,2722),('08B','Economy',181,250),('08B','Economy',182,882),('08B','Economy',184,212),('08B','Economy',195,2019),('08B','Business',200,198),('08B','Business',203,227),('08B','Business',213,1116),('08B','Business',223,2403),('08C','Economy',101,325),('08C','Economy',120,1266),('08C','Economy',132,1876),('08C','Economy',133,1617),('08C','Economy',138,633),('08C','Economy',145,973),('08C','Economy',151,1268),('08C','Economy',157,593),('08C','Economy',160,2631),('08C','Economy',161,1053),('08C','Economy',169,2156),('08C','Economy',174,671),('08C','Economy',178,1895),('08C','Economy',187,596),('08C','Economy',195,589),('08C','Business',207,1148),('08C','Business',220,1872),('08C','Business',223,2337),('08D','Economy',100,2307),('08D','Economy',121,2599),('08D','Economy',122,52),('08D','Economy',123,1947),('08D','Economy',127,2215),('08D','Economy',129,2213),('08D','Economy',143,786),('08D','Economy',145,777),('08D','Economy',154,1068),('08D','Economy',168,300),('08D','Economy',180,672),('08D','Economy',186,261),('08D','Economy',187,2140),('08D','Economy',191,598),('08D','Economy',192,2150),('08D','Economy',193,1504),('08D','Economy',194,2198),('08D','Economy',196,1768),('08D','Business',204,1435),('08D','Business',205,2669),('08D','Business',219,873),('08D','Business',222,1473),('08D','Business',225,1218),('08D','Business',226,1897),('08E','Economy',117,1338),('08E','Economy',120,1091),('08E','Economy',122,354),('08E','Economy',127,1950),('08E','Economy',134,858),('08E','Economy',144,2071),('08E','Economy',145,1975),('08E','Economy',146,2012),('08E','Economy',153,2367),('08E','Economy',154,1904),('08E','Economy',161,1879),('08E','Economy',163,1064),('08E','Economy',164,1033),('08E','Economy',176,105),('08E','Economy',178,819),('08E','Economy',191,1312),('08E','Business',200,933),('08E','Business',206,2351),('08E','Business',207,1149),('08E','Business',214,1843),('08E','Business',217,1255),('08E','Business',219,2201),('08E','Business',224,115),('08F','Economy',100,759),('08F','Economy',119,998),('08F','Economy',121,2357),('08F','Economy',124,2005),('08F','Economy',127,1483),('08F','Economy',133,2303),('08F','Economy',136,1975),('08F','Economy',137,1869),('08F','Economy',138,801),('08F','Economy',143,245),('08F','Economy',146,30),('08F','Economy',152,103),('08F','Economy',161,1582),('08F','Economy',163,2195),('08F','Economy',173,2696),('08F','Economy',177,659),('08F','Economy',187,2137),('08F','Economy',188,2409),('08F','Business',200,197),('08F','Business',201,2580),('08F','Business',202,1678),('08F','Business',205,620),('08F','Business',214,2605),('08F','Business',219,2199),('08F','Business',222,1792),('08F','Business',225,1298),('09A','Economy',100,298),('09A','Economy',121,2064),('09A','Economy',153,2124),('09A','Economy',154,1951),('09A','Economy',155,2553),('09A','Economy',162,1853),('09A','Economy',164,1034),('09A','Economy',169,536),('09A','Economy',174,434),('09A','Economy',181,252),('09A','Economy',188,2649),('09A','Economy',189,496),('09A','Economy',191,2452),('09A','Economy',192,1583),('09A','Economy',193,2592),('09A','Economy',196,919),('09A','Economy',198,1839),('09A','Business',201,1395),('09A','Business',204,2398),('09A','Business',205,934),('09A','Business',206,2683),('09A','Business',207,2391),('09A','Business',212,2343),('09A','Business',217,1495),('09A','Business',220,1004),('09B','Economy',117,1337),('09B','Economy',118,1332),('09B','Economy',138,606),('09B','Economy',148,209),('09B','Economy',154,920),('09B','Economy',162,1904),('09B','Economy',164,1079),('09B','Economy',167,414),('09B','Economy',169,56),('09B','Economy',170,2556),('09B','Economy',175,824),('09B','Economy',178,1868),('09B','Economy',189,1377),('09B','Economy',192,1307),('09B','Business',199,699),('09B','Business',213,988),('09B','Business',215,2539),('09B','Business',216,1714),('09C','Economy',119,1187),('09C','Economy',120,2501),('09C','Economy',129,1949),('09C','Economy',133,2071),('09C','Economy',134,857),('09C','Economy',138,1369),('09C','Economy',144,237),('09C','Economy',145,864),('09C','Economy',151,2265),('09C','Economy',152,1734),('09C','Economy',153,1060),('09C','Economy',156,172),('09C','Economy',158,526),('09C','Economy',162,1069),('09C','Economy',170,438),('09C','Economy',189,420),('09C','Economy',197,795),('09C','Business',203,753),('09C','Business',204,2399),('09C','Business',205,1648),('09C','Business',208,2444),('09C','Business',214,2716),('09C','Business',215,331),('09C','Business',218,1637),('09C','Business',219,1224),('09C','Business',220,2730),('09D','Economy',118,1188),('09D','Economy',119,999),('09D','Economy',121,2354),('09D','Economy',124,322),('09D','Economy',125,2429),('09D','Economy',130,1404),('09D','Economy',136,1976),('09D','Economy',137,1295),('09D','Economy',138,1956),('09D','Economy',139,2419),('09D','Economy',140,609),('09D','Economy',153,1879),('09D','Economy',161,1061),('09D','Economy',166,1241),('09D','Economy',168,472),('09D','Economy',173,1811),('09D','Economy',174,579),('09D','Economy',182,2280),('09D','Economy',187,595),('09D','Business',199,2736),('09D','Business',200,199),('09D','Business',201,1434),('09D','Business',207,2393),('09D','Business',208,2448),('09D','Business',210,1997),('09D','Business',216,2629),('09D','Business',217,1496),('09D','Business',218,770),('09D','Business',223,898),('09E','Economy',100,2306),('09E','Economy',123,655),('09E','Economy',126,482),('09E','Economy',129,1482),('09E','Economy',131,281),('09E','Economy',132,1354),('09E','Economy',133,462),('09E','Economy',135,578),('09E','Economy',146,1138),('09E','Economy',161,1642),('09E','Economy',188,772),('09E','Economy',189,242),('09E','Economy',194,2611),('09E','Economy',195,588),('09E','Economy',198,2197),('09E','Business',199,1587),('09E','Business',202,268),('09E','Business',206,1501),('09E','Business',216,2365),('09E','Business',220,2102),('09E','Business',223,2404),('09E','Business',224,1751),('09E','Business',226,141),('09F','Economy',121,2087),('09F','Economy',122,1190),('09F','Economy',126,1214),('09F','Economy',127,1773),('09F','Economy',132,20),('09F','Economy',137,638),('09F','Economy',138,1015),('09F','Economy',139,2225),('09F','Economy',159,1387),('09F','Economy',163,95),('09F','Economy',164,1533),('09F','Economy',165,1910),('09F','Economy',170,1007),('09F','Economy',176,799),('09F','Economy',180,2172),('09F','Economy',183,1350),('09F','Economy',198,2019),('09F','Business',200,1078),('09F','Business',209,527),('09F','Business',210,675),('09F','Business',212,550),('09F','Business',213,1449),('09F','Business',214,219),('09F','Business',215,2130),('09F','Business',217,1738),('09F','Business',218,2558),('09F','Business',223,729),('10A','Economy',101,7),('10A','Economy',133,2074),('10A','Economy',135,358),('10A','Economy',149,2458),('10A','Economy',151,2330),('10A','Economy',154,921),('10A','Economy',155,153),('10A','Economy',163,88),('10A','Economy',168,566),('10A','Economy',173,1780),('10A','Economy',176,1945),('10A','Economy',178,1600),('10A','Economy',179,1937),('10A','Economy',188,1230),('10A','Business',201,804),('10A','Business',208,2763),('10A','Business',213,1117),('10A','Business',214,2603),('10A','Business',216,2364),('10B','Economy',101,10),('10B','Economy',121,2355),('10B','Economy',127,524),('10B','Economy',138,90),('10B','Economy',151,1934),('10B','Economy',155,816),('10B','Economy',166,2077),('10B','Economy',170,2555),('10B','Economy',184,2017),('10B','Economy',187,2440),('10B','Economy',189,2036),('10B','Economy',192,420),('10B','Economy',193,2513),('10B','Economy',194,85),('10B','Economy',198,815),('10B','Business',201,1819),('10B','Business',203,195),('10B','Business',220,1003),('10C','Economy',100,28),('10C','Economy',101,11),('10C','Economy',124,2568),('10C','Economy',129,2215),('10C','Economy',136,723),('10C','Economy',138,2093),('10C','Economy',140,2289),('10C','Economy',147,2270),('10C','Economy',153,384),('10C','Economy',160,2346),('10C','Economy',162,996),('10C','Economy',170,44),('10C','Economy',176,1464),('10C','Economy',181,251),('10C','Economy',182,695),('10C','Economy',189,1208),('10C','Economy',191,391),('10C','Economy',192,2417),('10C','Business',199,1588),('10C','Business',202,2519),('10C','Business',205,2667),('10C','Business',207,1019),('10C','Business',210,165),('10C','Business',215,2541),('10C','Business',223,1680),('10C','Business',226,1987),('10D','Economy',120,899),('10D','Economy',122,1796),('10D','Economy',123,761),('10D','Economy',124,1262),('10D','Economy',132,1737),('10D','Economy',147,2401),('10D','Economy',154,1582),('10D','Economy',156,1270),('10D','Economy',159,2007),('10D','Economy',161,1630),('10D','Economy',162,994),('10D','Economy',170,651),('10D','Economy',175,969),('10D','Economy',186,2325),('10D','Economy',191,772),('10D','Economy',193,1216),('10D','Economy',195,1777),('10D','Business',201,494),('10D','Business',202,1363),('10D','Business',205,696),('10D','Business',208,2762),('10D','Business',217,985),('10D','Business',220,205),('10D','Business',225,1728),('10E','Economy',101,2180),('10E','Economy',123,122),('10E','Economy',163,730),('10E','Economy',168,2272),('10E','Economy',170,1528),('10E','Economy',174,487),('10E','Economy',175,1690),('10E','Economy',176,781),('10E','Economy',178,1861),('10E','Economy',191,1313),('10E','Economy',193,794),('10E','Economy',194,2197),('10E','Economy',195,2018),('10E','Business',202,1364),('10E','Business',204,1364),('10E','Business',220,2729),('10E','Business',221,1929),('10E','Business',222,1287),('10E','Business',225,992),('10F','Economy',119,511),('10F','Economy',124,686),('10F','Economy',129,432),('10F','Economy',134,1988),('10F','Economy',135,356),('10F','Economy',136,400),('10F','Economy',149,128),('10F','Economy',153,385),('10F','Economy',158,920),('10F','Economy',160,2257),('10F','Economy',169,478),('10F','Economy',174,2468),('10F','Economy',192,1306),('10F','Economy',195,1712),('10F','Business',202,1403),('10F','Business',215,2110),('10F','Business',223,1706),('10F','Business',225,1473),('11A','Economy',101,1981),('11A','Economy',117,312),('11A','Economy',118,2564),('11A','Economy',125,431),('11A','Economy',132,267),('11A','Economy',138,1903),('11A','Economy',146,1369),('11A','Economy',150,1365),('11A','Economy',151,1302),('11A','Economy',152,1444),('11A','Economy',154,1853),('11A','Economy',159,2518),('11A','Economy',164,1082),('11A','Economy',166,1818),('11A','Economy',170,2125),('11A','Economy',181,2618),('11A','Economy',184,2184),('11A','Economy',190,427),('11A','Economy',196,1824),('11A','Economy',203,197),('11A','Economy',206,1499),('11A','Economy',207,1259),('11A','Economy',209,550),('11A','Economy',212,2724),('11A','Economy',225,1475),('11A','Economy',226,1726),('11B','Economy',120,1506),('11B','Economy',121,2388),('11B','Economy',124,2748),('11B','Economy',127,134),('11B','Economy',135,35),('11B','Economy',138,2092),('11B','Economy',148,544),('11B','Economy',152,1536),('11B','Economy',159,388),('11B','Economy',160,2701),('11B','Economy',170,1685),('11B','Economy',177,952),('11B','Economy',181,273),('11B','Economy',185,191),('11B','Economy',189,1312),('11B','Economy',192,496),('11B','Economy',193,844),('11B','Economy',199,2738),('11B','Economy',212,1523),('11B','Economy',217,14),('11B','Economy',226,140),('11C','Economy',101,2306),('11C','Economy',120,2065),('11C','Economy',132,244),('11C','Economy',135,73),('11C','Economy',146,1103),('11C','Economy',147,766),('11C','Economy',149,1361),('11C','Economy',153,2681),('11C','Economy',154,1850),('11C','Economy',159,1271),('11C','Economy',161,2712),('11C','Economy',162,1994),('11C','Economy',170,1320),('11C','Economy',173,1782),('11C','Economy',176,2056),('11C','Economy',185,1563),('11C','Economy',194,22),('11C','Economy',197,611),('11C','Economy',199,914),('11C','Economy',211,224),('11C','Economy',224,1794),('11C','Economy',225,1680),('11D','Economy',100,258),('11D','Economy',117,2601),('11D','Economy',121,1185),('11D','Economy',124,755),('11D','Economy',134,1702),('11D','Economy',143,809),('11D','Economy',146,607),('11D','Economy',152,866),('11D','Economy',159,1511),('11D','Economy',176,555),('11D','Economy',178,412),('11D','Economy',183,2050),('11D','Economy',184,66),('11D','Economy',187,598),('11D','Economy',199,821),('11D','Economy',208,2507),('11D','Economy',209,1983),('11D','Economy',214,1171),('11D','Economy',220,1108),('11E','Economy',101,324),('11E','Economy',118,685),('11E','Economy',120,901),('11E','Economy',127,521),('11E','Economy',138,190),('11E','Economy',142,1661),('11E','Economy',160,2119),('11E','Economy',162,247),('11E','Economy',181,1833),('11E','Economy',182,2183),('11E','Economy',189,1399),('11E','Economy',200,1710),('11E','Economy',209,547),('11E','Economy',214,2729),('11E','Economy',216,327),('11E','Economy',217,989),('11E','Economy',218,1716),('11E','Economy',219,2652),('11E','Economy',224,1044),('11E','Economy',226,2338),('11F','Economy',125,940),('11F','Economy',127,2371),('11F','Economy',139,2420),('11F','Economy',143,787),('11F','Economy',145,1123),('11F','Economy',152,238),('11F','Economy',153,2068),('11F','Economy',163,1657),('11F','Economy',169,303),('11F','Economy',170,1600),('11F','Economy',174,669),('11F','Economy',178,909),('11F','Economy',188,1114),('11F','Economy',191,1377),('11F','Economy',192,1305),('11F','Economy',201,2107),('11F','Economy',206,1820),('11F','Economy',207,869),('11F','Economy',210,1327),('11F','Economy',215,1733),('11F','Economy',221,1596),('11F','Economy',226,1599),('12A','Economy',101,369),('12A','Economy',120,2258),('12A','Economy',121,2065),('12A','Economy',124,64),('12A','Economy',132,2234),('12A','Economy',152,1432),('12A','Economy',153,170),('12A','Economy',162,1268),('12A','Economy',173,571),('12A','Economy',175,1800),('12A','Economy',189,417),('12A','Economy',191,774),('12A','Economy',192,1335),('12A','Economy',201,2348),('12A','Economy',203,749),('12A','Economy',204,2046),('12A','Economy',209,619),('12A','Economy',215,2111),('12A','Economy',220,2099),('12B','Economy',100,1718),('12B','Economy',118,1981),('12B','Economy',123,1948),('12B','Economy',126,2485),('12B','Economy',131,851),('12B','Economy',137,640),('12B','Economy',152,1443),('12B','Economy',155,127),('12B','Economy',158,1391),('12B','Economy',159,1510),('12B','Economy',161,502),('12B','Economy',164,235),('12B','Economy',169,480),('12B','Economy',181,1804),('12B','Economy',182,263),('12B','Economy',192,1231),('12B','Economy',194,1101),('12B','Economy',196,1722),('12B','Economy',200,195),('12B','Economy',201,1477),('12B','Economy',202,350),('12B','Economy',206,1395),('12B','Economy',211,1130),('12B','Economy',220,327),('12B','Economy',223,1882),('12C','Economy',100,1720),('12C','Economy',101,2309),('12C','Economy',127,1906),('12C','Economy',128,2487),('12C','Economy',130,1516),('12C','Economy',132,1540),('12C','Economy',137,335),('12C','Economy',146,1253),('12C','Economy',147,810),('12C','Economy',155,634),('12C','Economy',162,2300),('12C','Economy',163,383),('12C','Economy',166,487),('12C','Economy',167,2381),('12C','Economy',170,1008),('12C','Economy',175,2484),('12C','Economy',181,306),('12C','Economy',186,2172),('12C','Economy',191,1209),('12C','Economy',193,796),('12C','Economy',196,1777),('12C','Economy',199,696),('12C','Economy',202,1648),('12C','Economy',203,2709),('12C','Economy',205,2666),('12C','Economy',213,989),('12C','Economy',218,1115),('12C','Economy',219,2247),('12C','Economy',221,1220),('12D','Economy',100,947),('12D','Economy',101,2307),('12D','Economy',119,2470),('12D','Economy',120,900),('12D','Economy',127,1949),('12D','Economy',132,1665),('12D','Economy',136,401),('12D','Economy',141,638),('12D','Economy',144,2072),('12D','Economy',145,725),('12D','Economy',155,1028),('12D','Economy',157,542),('12D','Economy',158,525),('12D','Economy',160,1251),('12D','Economy',161,1451),('12D','Economy',166,486),('12D','Economy',169,1762),('12D','Economy',170,1601),('12D','Economy',173,1813),('12D','Economy',175,2465),('12D','Economy',177,2042),('12D','Economy',190,337),('12D','Economy',192,495),('12D','Economy',193,1972),('12D','Economy',210,112),('12D','Economy',211,2762),('12D','Economy',219,2021),('12D','Economy',224,1792),('12E','Economy',100,2609),('12E','Economy',119,293),('12E','Economy',123,2163),('12E','Economy',124,1260),('12E','Economy',136,610),('12E','Economy',141,640),('12E','Economy',149,1511),('12E','Economy',150,2284),('12E','Economy',152,239),('12E','Economy',153,2376),('12E','Economy',161,1063),('12E','Economy',163,2714),('12E','Economy',174,436),('12E','Economy',178,82),('12E','Economy',179,1935),('12E','Economy',185,1998),('12E','Economy',188,1231),('12E','Economy',189,37),('12E','Economy',192,1056),('12E','Economy',201,1436),('12E','Economy',203,194),('12E','Economy',206,657),('12E','Economy',212,2164),('12E','Economy',223,1487),('12F','Economy',118,2005),('12F','Economy',125,432),('12F','Economy',126,161),('12F','Economy',129,1472),('12F','Economy',134,1269),('12F','Economy',138,1671),('12F','Economy',141,1158),('12F','Economy',145,33),('12F','Economy',149,2024),('12F','Economy',154,1155),('12F','Economy',157,537),('12F','Economy',168,1692),('12F','Economy',170,2126),('12F','Economy',171,1051),('12F','Economy',173,1783),('12F','Economy',175,2680),('12F','Economy',177,2721),('12F','Economy',178,2218),('12F','Economy',183,601),('12F','Economy',184,1805),('12F','Economy',189,98),('12F','Economy',201,2046),('12F','Economy',204,2361),('12F','Economy',206,1678),('12F','Economy',215,106),('12F','Economy',216,1899),('12F','Economy',218,769),('12F','Economy',221,2433),('12F','Economy',226,2402),('13A','Economy',117,1167),('13A','Economy',123,311),('13A','Economy',127,2422),('13A','Economy',129,431),('13A','Economy',145,1643),('13A','Economy',153,2368),('13A','Economy',163,434),('13A','Economy',168,678),('13A','Economy',169,660),('13A','Economy',170,841),('13A','Economy',171,889),('13A','Economy',179,1938),('13A','Economy',180,1574),('13A','Economy',182,1563),('13A','Economy',185,192),('13A','Economy',189,1932),('13A','Economy',203,456),('13A','Economy',211,225),('13B','Economy',117,1339),('13B','Economy',120,2064),('13B','Economy',121,788),('13B','Economy',124,1718),('13B','Economy',126,1163),('13B','Economy',130,1639),('13B','Economy',135,763),('13B','Economy',136,776),('13B','Economy',141,2463),('13B','Economy',157,538),('13B','Economy',164,890),('13B','Economy',170,894),('13B','Economy',173,2695),('13B','Economy',178,186),('13B','Economy',181,2048),('13B','Economy',187,2439),('13B','Economy',191,393),('13B','Economy',204,2108),('13B','Economy',205,529),('13B','Economy',222,115),('13C','Economy',100,1854),('13C','Economy',140,2261),('13C','Economy',146,1547),('13C','Economy',155,221),('13C','Economy',163,1658),('13C','Economy',167,2380),('13C','Economy',170,1669),('13C','Economy',172,2156),('13C','Economy',175,893),('13C','Economy',177,2043),('13C','Economy',196,22),('13C','Economy',201,1437),('13C','Economy',202,621),('13C','Economy',203,459),('13C','Economy',212,1522),('13C','Economy',215,1109),('13C','Economy',218,768),('13C','Economy',220,2629),('13C','Economy',223,1705),('13D','Economy',119,2085),('13D','Economy',124,1292),('13D','Economy',140,130),('13D','Economy',149,834),('13D','Economy',150,1914),('13D','Economy',152,2710),('13D','Economy',155,128),('13D','Economy',159,1509),('13D','Economy',161,661),('13D','Economy',167,1204),('13D','Economy',169,1822),('13D','Economy',173,2742),('13D','Economy',176,56),('13D','Economy',192,1233),('13D','Economy',199,700),('13D','Economy',200,2094),('13D','Economy',202,1649),('13D','Economy',203,904),('13D','Economy',204,1436),('13D','Economy',207,1130),('13D','Economy',212,2393),('13D','Economy',223,1961),('13D','Economy',226,285),('13E','Economy',117,314),('13E','Economy',132,1280),('13E','Economy',140,1384),('13E','Economy',150,701),('13E','Economy',152,867),('13E','Economy',155,1154),('13E','Economy',162,2123),('13E','Economy',175,1035),('13E','Economy',176,304),('13E','Economy',180,1248),('13E','Economy',183,2322),('13E','Economy',198,814),('13E','Economy',203,2736),('13E','Economy',205,531),('13E','Economy',210,1328),('13E','Economy',213,1115),('13E','Economy',214,1145),('13E','Economy',217,1254),('13E','Economy',220,2340),('13F','Economy',120,2637),('13F','Economy',123,666),('13F','Economy',141,1330),('13F','Economy',156,2663),('13F','Economy',159,702),('13F','Economy',162,1068),('13F','Economy',165,782),('13F','Economy',169,2186),('13F','Economy',170,1526),('13F','Economy',180,1577),('13F','Economy',181,348),('13F','Economy',188,774),('13F','Economy',192,2438),('13F','Economy',193,795),('13F','Economy',194,26),('13F','Economy',195,1775),('13F','Economy',197,2645),('13F','Economy',208,2761),('13F','Economy',209,1997),('13F','Economy',215,854),('13F','Economy',217,149),('13F','Economy',220,1558),('13F','Economy',223,2529),('13F','Economy',226,1753),('14A','Economy',123,1829),('14A','Economy',134,2013),('14A','Economy',138,630),('14A','Economy',140,610),('14A','Economy',141,464),('14A','Economy',148,1632),('14A','Economy',161,1888),('14A','Economy',167,689),('14A','Economy',168,676),('14A','Economy',180,2525),('14A','Economy',182,2279),('14A','Economy',193,2477),('14A','Economy',202,1466),('14A','Economy',207,1325),('14A','Economy',216,1717),('14A','Economy',219,1731),('14A','Economy',226,2403),('14B','Economy',117,2599),('14B','Economy',135,1256),('14B','Economy',155,635),('14B','Economy',161,831),('14B','Economy',162,183),('14B','Economy',164,2676),('14B','Economy',169,554),('14B','Economy',182,1340),('14B','Economy',183,1804),('14B','Economy',191,2450),('14B','Economy',197,1712),('14B','Economy',199,467),('14B','Economy',203,226),('14B','Economy',206,71),('14B','Economy',210,1325),('14B','Economy',215,581),('14B','Economy',221,2431),('14B','Economy',226,1756),('14C','Economy',118,2003),('14C','Economy',123,762),('14C','Economy',132,1281),('14C','Economy',137,1296),('14C','Economy',145,776),('14C','Economy',150,1439),('14C','Economy',152,2479),('14C','Economy',154,249),('14C','Economy',161,663),('14C','Economy',185,2524),('14C','Economy',187,926),('14C','Economy',193,2512),('14C','Economy',199,827),('14C','Economy',201,2350),('14C','Economy',203,458),('14C','Economy',206,70),('14C','Economy',209,2166),('14C','Economy',215,1026),('14C','Economy',217,1497),('14C','Economy',219,2364),('14C','Economy',221,1598),('14C','Economy',224,447),('14C','Economy',226,1107),('14D','Economy',117,76),('14D','Economy',118,2232),('14D','Economy',123,1413),('14D','Economy',131,1383),('14D','Economy',136,449),('14D','Economy',139,1742),('14D','Economy',141,79),('14D','Economy',147,2553),('14D','Economy',148,1633),('14D','Economy',161,664),('14D','Economy',162,2033),('14D','Economy',176,1462),('14D','Economy',187,2438),('14D','Economy',192,891),('14D','Economy',199,466),('14D','Economy',215,1996),('14D','Economy',216,1495),('14D','Economy',219,2203),('14D','Economy',221,1599),('14E','Economy',100,256),('14E','Economy',121,2089),('14E','Economy',123,2492),('14E','Economy',124,1923),('14E','Economy',126,2487),('14E','Economy',127,886),('14E','Economy',133,1561),('14E','Economy',135,74),('14E','Economy',137,637),('14E','Economy',141,1607),('14E','Economy',143,442),('14E','Economy',150,2283),('14E','Economy',154,922),('14E','Economy',159,1225),('14E','Economy',169,477),('14E','Economy',171,2051),('14E','Economy',176,554),('14E','Economy',177,146),('14E','Economy',180,2617),('14E','Economy',181,738),('14E','Economy',191,453),('14E','Economy',195,612),('14E','Economy',196,1775),('14E','Economy',202,622),('14E','Economy',212,2341),('14E','Economy',214,1847),('14E','Economy',216,718),('14E','Economy',226,1106),('14F','Economy',100,1542),('14F','Economy',119,653),('14F','Economy',120,2091),('14F','Economy',123,2550),('14F','Economy',129,360),('14F','Economy',132,846),('14F','Economy',136,2084),('14F','Economy',138,800),('14F','Economy',141,1606),('14F','Economy',143,616),('14F','Economy',144,2454),('14F','Economy',145,2093),('14F','Economy',146,1104),('14F','Economy',147,861),('14F','Economy',159,1385),('14F','Economy',166,1780),('14F','Economy',169,1942),('14F','Economy',170,1460),('14F','Economy',171,2312),('14F','Economy',173,1673),('14F','Economy',175,1762),('14F','Economy',177,201),('14F','Economy',190,2741),('14F','Economy',191,2451),('14F','Economy',194,2441),('14F','Economy',197,590),('14F','Economy',205,1649),('14F','Economy',207,1150),('14F','Economy',214,1846),('15A','Economy',117,490),('15A','Economy',147,811),('15A','Economy',154,1629),('15A','Economy',164,1346),('15A','Economy',167,415),('15A','Economy',170,82),('15A','Economy',181,1826),('15A','Economy',184,1806),('15A','Economy',189,2739),('15A','Economy',190,428),('15A','Economy',196,1774),('15A','Economy',200,1711),('15A','Economy',201,2692),('15A','Economy',206,1040),('15A','Economy',210,1329),('15A','Economy',216,328),('15A','Economy',220,330),('15B','Economy',120,1507),('15B','Economy',124,2538),('15B','Economy',146,1468),('15B','Economy',153,1959),('15B','Economy',154,553),('15B','Economy',157,1491),('15B','Economy',161,2688),('15B','Economy',162,1393),('15B','Economy',163,1594),('15B','Economy',164,1532),('15B','Economy',174,468),('15B','Economy',175,650),('15B','Economy',181,126),('15B','Economy',184,253),('15B','Economy',189,1520),('15B','Economy',190,336),('15B','Economy',202,1651),('15B','Economy',210,735),('15B','Economy',212,547),('15B','Economy',213,17),('15B','Economy',215,1785),('15B','Economy',217,988),('15B','Economy',221,1597),('15B','Economy',222,116),('15C','Economy',101,2471),('15C','Economy',127,522),('15C','Economy',129,134),('15C','Economy',137,518),('15C','Economy',143,828),('15C','Economy',144,2562),('15C','Economy',145,36),('15C','Economy',152,50),('15C','Economy',154,1849),('15C','Economy',155,1027),('15C','Economy',162,1770),('15C','Economy',165,2735),('15C','Economy',170,2127),('15C','Economy',172,57),('15C','Economy',174,2510),('15C','Economy',178,1602),('15C','Economy',182,2067),('15C','Economy',188,277),('15C','Economy',193,2591),('15C','Economy',196,2144),('15C','Economy',197,1964),('15C','Economy',198,1503),('15C','Economy',200,1709),('15C','Economy',205,700),('15C','Economy',207,1328),('15C','Economy',219,2365),('15C','Economy',222,140),('15C','Economy',226,1896),('15D','Economy',100,395),('15D','Economy',120,2267),('15D','Economy',121,2750),('15D','Economy',130,1969),('15D','Economy',138,1371),('15D','Economy',153,168),('15D','Economy',154,1072),('15D','Economy',156,120),('15D','Economy',162,1850),('15D','Economy',168,1895),('15D','Economy',170,2055),('15D','Economy',174,748),('15D','Economy',175,1034),('15D','Economy',177,584),('15D','Economy',178,1667),('15D','Economy',182,1342),('15D','Economy',184,2061),('15D','Economy',186,1707),('15D','Economy',188,1074),('15D','Economy',191,1191),('15D','Economy',196,473),('15D','Economy',198,2654),('15D','Economy',202,349),('15D','Economy',203,1410),('15D','Economy',210,632),('15D','Economy',211,2314),('15D','Economy',226,2404),('15E','Economy',100,948),('15E','Economy',120,775),('15E','Economy',123,2551),('15E','Economy',125,2727),('15E','Economy',126,163),('15E','Economy',127,2372),('15E','Economy',128,642),('15E','Economy',134,2014),('15E','Economy',138,1696),('15E','Economy',143,244),('15E','Economy',155,1624),('15E','Economy',162,995),('15E','Economy',163,1098),('15E','Economy',165,799),('15E','Economy',184,1808),('15E','Economy',190,2138),('15E','Economy',192,2415),('15E','Economy',204,2109),('15E','Economy',205,822),('15E','Economy',206,2684),('15E','Economy',213,987),('15E','Economy',214,2559),('15E','Economy',217,986),('15E','Economy',220,108),('15E','Economy',223,2528),('15F','Economy',119,1183),('15F','Economy',138,629),('15F','Economy',143,452),('15F','Economy',144,1821),('15F','Economy',155,2028),('15F','Economy',159,703),('15F','Economy',161,936),('15F','Economy',166,484),('15F','Economy',167,416),('15F','Economy',169,1351),('15F','Economy',170,1462),('15F','Economy',178,1320),('15F','Economy',189,682),('15F','Economy',192,1304),('15F','Economy',197,1095),('15F','Economy',208,2760),('15F','Economy',219,2767),('15F','Economy',224,1045),('16A','Economy',120,754),('16A','Economy',127,1772),('16A','Economy',135,2114),('16A','Economy',136,724),('16A','Economy',151,2305),('16A','Economy',154,1954),('16A','Economy',163,2196),('16A','Economy',166,969),('16A','Economy',170,200),('16A','Economy',177,953),('16A','Economy',178,2219),('16A','Economy',184,515),('16A','Economy',185,2449),('16A','Economy',187,2436),('16A','Economy',188,288),('16A','Economy',191,1208),('16A','Economy',194,87),('16A','Economy',197,589),('16A','Economy',200,934),('16A','Economy',201,1479),('16A','Economy',202,1076),('16A','Economy',207,1129),('16A','Economy',215,107),('16A','Economy',217,181),('16A','Economy',220,106),('16A','Economy',225,1219),('16B','Economy',100,396),('16B','Economy',120,2090),('16B','Economy',125,430),('16B','Economy',133,2152),('16B','Economy',135,691),('16B','Economy',136,1977),('16B','Economy',137,1239),('16B','Economy',145,942),('16B','Economy',146,1841),('16B','Economy',149,831),('16B','Economy',152,2711),('16B','Economy',154,1430),('16B','Economy',181,2016),('16B','Economy',193,1973),('16B','Economy',205,1651),('16B','Economy',215,205),('16B','Economy',217,150),('16C','Economy',118,123),('16C','Economy',119,2086),('16C','Economy',123,1141),('16C','Economy',129,1950),('16C','Economy',135,75),('16C','Economy',136,2504),('16C','Economy',156,1535),('16C','Economy',162,2226),('16C','Economy',178,1317),('16C','Economy',181,2049),('16C','Economy',190,241),('16C','Economy',193,2144),('16C','Economy',196,2135),('16C','Economy',202,228),('16C','Economy',214,2558),('16C','Economy',220,2288),('16C','Economy',224,1488),('16D','Economy',101,2576),('16D','Economy',118,322),('16D','Economy',122,2345),('16D','Economy',124,1294),('16D','Economy',134,1607),('16D','Economy',147,2679),('16D','Economy',151,1490),('16D','Economy',156,170),('16D','Economy',166,1242),('16D','Economy',170,2589),('16D','Economy',176,1461),('16D','Economy',177,42),('16D','Economy',182,881),('16D','Economy',186,2671),('16D','Economy',191,1229),('16D','Economy',198,503),('16D','Economy',201,493),('16D','Economy',209,548),('16D','Economy',210,734),('16D','Economy',219,2111),('16D','Economy',222,1791),('16D','Economy',224,1487),('16D','Economy',225,1220),('16E','Economy',100,1721),('16E','Economy',124,1291),('16E','Economy',126,483),('16E','Economy',141,77),('16E','Economy',147,813),('16E','Economy',154,996),('16E','Economy',161,18),('16E','Economy',162,993),('16E','Economy',167,975),('16E','Economy',182,2181),('16E','Economy',186,2620),('16E','Economy',187,2136),('16E','Economy',188,1334),('16E','Economy',195,587),('16E','Economy',219,2248),('16E','Economy',226,1882),('16F','Economy',100,758),('16F','Economy',120,439),('16F','Economy',129,1470),('16F','Economy',135,32),('16F','Economy',145,1698),('16F','Economy',146,177),('16F','Economy',149,2103),('16F','Economy',156,1652),('16F','Economy',163,732),('16F','Economy',164,2097),('16F','Economy',170,1686),('16F','Economy',173,570),('16F','Economy',188,336),('16F','Economy',189,1379),('16F','Economy',201,2105),('16F','Economy',206,2348),('16F','Economy',211,1984),('16F','Economy',220,1109),('16F','Economy',223,2527),('16F','Economy',224,1791),('16F','Economy',226,2339),('17A','Economy',117,1166),('17A','Economy',130,1638),('17A','Economy',132,1539),('17A','Economy',133,2304),('17A','Economy',134,2289),('17A','Economy',136,777),('17A','Economy',153,1770),('17A','Economy',161,1916),('17A','Economy',167,1979),('17A','Economy',170,1944),('17A','Economy',173,1812),('17A','Economy',175,1528),('17A','Economy',176,1351),('17A','Economy',178,187),('17A','Economy',179,2449),('17A','Economy',184,2059),('17A','Economy',191,714),('17A','Economy',192,1585),('17A','Economy',201,1396),('17A','Economy',209,2723),('17A','Economy',216,872),('17A','Economy',226,1881),('17B','Economy',123,121),('17B','Economy',132,1172),('17B','Economy',135,1362),('17B','Economy',137,1556),('17B','Economy',140,2262),('17B','Economy',144,1646),('17B','Economy',145,1977),('17B','Economy',153,1195),('17B','Economy',155,2554),('17B','Economy',161,1631),('17B','Economy',164,2294),('17B','Economy',166,1779),('17B','Economy',170,1591),('17B','Economy',172,60),('17B','Economy',182,1181),('17B','Economy',191,596),('17B','Economy',193,1974),('17B','Economy',199,1039),('17B','Economy',211,265),('17B','Economy',215,1786),('17B','Economy',217,317),('17B','Economy',220,2624),('17B','Economy',226,1757),('17C','Economy',101,945),('17C','Economy',146,1955),('17C','Economy',163,2312),('17C','Economy',165,1868),('17C','Economy',173,1657),('17C','Economy',176,1353),('17C','Economy',182,264),('17C','Economy',187,2353),('17C','Economy',189,2740),('17C','Economy',192,2352),('17C','Economy',195,709),('17C','Economy',202,1940),('17C','Economy',212,2342),('17C','Economy',215,1784),('17C','Economy',217,2131),('17C','Economy',218,1717),('17C','Economy',226,1579),('17D','Economy',119,2538),('17D','Economy',123,309),('17D','Economy',135,2117),('17D','Economy',144,1120),('17D','Economy',145,1884),('17D','Economy',152,2296),('17D','Economy',156,2305),('17D','Economy',158,2283),('17D','Economy',170,743),('17D','Economy',174,435),('17D','Economy',188,2384),('17D','Economy',191,1518),('17D','Economy',192,2650),('17D','Economy',197,586),('17D','Economy',198,504),('17D','Economy',202,1676),('17D','Economy',210,1322),('17D','Economy',219,872),('17E','Economy',101,2470),('17E','Economy',123,1412),('17E','Economy',128,2485),('17E','Economy',148,2549),('17E','Economy',149,1898),('17E','Economy',153,386),('17E','Economy',158,2284),('17E','Economy',159,1060),('17E','Economy',160,2255),('17E','Economy',161,662),('17E','Economy',164,1083),('17E','Economy',167,952),('17E','Economy',168,1800),('17E','Economy',172,1595),('17E','Economy',175,1527),('17E','Economy',176,1946),('17E','Economy',178,910),('17E','Economy',192,892),('17E','Economy',193,958),('17E','Economy',197,84),('17E','Economy',199,698),('17E','Economy',201,2347),('17E','Economy',203,903),('17E','Economy',213,986),('17E','Economy',215,2249),('17E','Economy',217,1739),('17E','Economy',223,992),('17F','Economy',124,340),('17F','Economy',129,1913),('17F','Economy',133,2703),('17F','Economy',134,856),('17F','Economy',135,139),('17F','Economy',140,2661),('17F','Economy',144,109),('17F','Economy',147,1920),('17F','Economy',150,1915),('17F','Economy',153,497),('17F','Economy',154,1012),('17F','Economy',162,2035),('17F','Economy',169,1943),('17F','Economy',176,303),('17F','Economy',177,658),('17F','Economy',184,211),('17F','Economy',190,2408),('17F','Economy',192,2253),('17F','Economy',195,1776),('17F','Economy',196,1764),('17F','Economy',197,588),('17F','Economy',201,2045),('17F','Economy',204,228),('17F','Economy',212,549),('17F','Economy',215,2542),('17F','Economy',222,141),('17F','Economy',223,2460),('17F','Economy',224,1042),('17F','Economy',225,1928),('17F','Economy',226,1596),('18A','Economy',117,2251),('18A','Economy',124,757),('18A','Economy',130,1517),('18A','Economy',141,1159),('18A','Economy',146,1469),('18A','Economy',150,1441),('18A','Economy',167,572),('18A','Economy',175,1759),('18A','Economy',177,1684),('18A','Economy',186,2670),('18A','Economy',187,1152),('18A','Economy',194,2613),('18A','Economy',216,2473),('18A','Economy',219,2204),('18A','Economy',220,2100),('18B','Economy',118,1058),('18B','Economy',119,2472),('18B','Economy',129,363),('18B','Economy',136,1643),('18B','Economy',141,461),('18B','Economy',148,154),('18B','Economy',154,1372),('18B','Economy',157,1493),('18B','Economy',158,1392),('18B','Economy',159,389),('18B','Economy',161,19),('18B','Economy',162,1070),('18B','Economy',167,1207),('18B','Economy',170,893),('18B','Economy',176,808),('18B','Economy',178,1669),('18B','Economy',182,1182),('18B','Economy',186,1611),('18B','Economy',190,426),('18B','Economy',191,771),('18B','Economy',195,2584),('18B','Economy',197,86),('18B','Economy',205,1647),('18B','Economy',209,2641),('18B','Economy',210,871),('18B','Economy',211,2760),('18B','Economy',214,1382),('18B','Economy',220,1873),('18B','Economy',221,2434),('18B','Economy',223,1488),('18C','Economy',126,2486),('18C','Economy',127,1912),('18C','Economy',131,849),('18C','Economy',132,1279),('18C','Economy',145,1126),('18C','Economy',148,836),('18C','Economy',149,1628),('18C','Economy',153,1880),('18C','Economy',154,995),('18C','Economy',159,990),('18C','Economy',160,2679),('18C','Economy',162,2031),('18C','Economy',170,2720),('18C','Economy',171,890),('18C','Economy',180,1245),('18C','Economy',191,1375),('18C','Economy',199,697),('18C','Economy',201,1478),('18C','Economy',202,957),('18C','Economy',205,699),('18C','Economy',210,631),('18C','Economy',211,2319),('18D','Economy',100,2606),('18D','Economy',119,53),('18D','Economy',120,291),('18D','Economy',124,2498),('18D','Economy',135,1159),('18D','Economy',143,785),('18D','Economy',146,1015),('18D','Economy',156,1626),('18D','Economy',157,239),('18D','Economy',167,1674),('18D','Economy',169,2522),('18D','Economy',170,742),('18D','Economy',172,1694),('18D','Economy',173,874),('18D','Economy',189,1521),('18D','Economy',190,233),('18D','Economy',198,2656),('18D','Economy',203,706),('18D','Economy',205,697),('18D','Economy',207,1017),('18D','Economy',208,2509),('18D','Economy',209,2333),('18D','Economy',210,1326),('18D','Economy',216,2624),('18D','Economy',218,783),('18D','Economy',219,1733),('18D','Economy',221,1635),('18E','Economy',100,2610),('18E','Economy',118,323),('18E','Economy',129,1481),('18E','Economy',136,111),('18E','Economy',148,207),('18E','Economy',149,2456),('18E','Economy',157,1490),('18E','Economy',161,501),('18E','Economy',165,2698),('18E','Economy',171,2053),('18E','Economy',177,2040),('18E','Economy',189,1378),('18E','Economy',191,2037),('18E','Economy',199,822),('18E','Economy',201,2349),('18E','Economy',203,1408),('18E','Economy',204,2105),('18E','Economy',208,2447),('18E','Economy',210,2334),('18E','Economy',211,1146),('18E','Economy',214,1844),('18E','Economy',223,1679),('18F','Economy',118,346),('18F','Economy',120,1265),('18F','Economy',121,1183),('18F','Economy',138,1902),('18F','Economy',145,1886),('18F','Economy',150,1917),('18F','Economy',151,2428),('18F','Economy',154,963),('18F','Economy',161,500),('18F','Economy',174,2126),('18F','Economy',178,1601),('18F','Economy',182,262),('18F','Economy',184,2016),('18F','Economy',193,1964),('18F','Economy',212,2075),('18F','Economy',214,1004),('18F','Economy',221,1551),('18F','Economy',226,1286),('19A','Economy',100,1545),('19A','Economy',118,1931),('19A','Economy',120,2389),('19A','Economy',121,2602),('19A','Economy',123,2083),('19A','Economy',125,2728),('19A','Economy',126,818),('19A','Economy',138,1900),('19A','Economy',141,1156),('19A','Economy',149,2457),('19A','Economy',153,1769),('19A','Economy',166,1240),('19A','Economy',167,711),('19A','Economy',171,1169),('19A','Economy',183,1342),('19A','Economy',186,260),('19A','Economy',188,2293),('19A','Economy',191,773),('19A','Economy',192,2439),('19A','Economy',200,932),('19A','Economy',201,1435),('19A','Economy',202,334),('19A','Economy',203,752),('19A','Economy',205,2668),('19A','Economy',211,2445),('19A','Economy',212,2392),('19B','Economy',123,1831),('19B','Economy',124,1743),('19B','Economy',130,403),('19B','Economy',132,21),('19B','Economy',135,476),('19B','Economy',137,1297),('19B','Economy',141,78),('19B','Economy',147,1250),('19B','Economy',165,1046),('19B','Economy',170,1590),('19B','Economy',171,2766),('19B','Economy',173,875),('19B','Economy',174,422),('19B','Economy',177,582),('19B','Economy',181,1803),('19B','Economy',185,193),('19B','Economy',196,916),('19B','Economy',197,1924),('19B','Economy',198,1505),('19B','Economy',216,908),('19B','Economy',223,1489),('19C','Economy',120,1090),('19C','Economy',124,1745),('19C','Economy',130,1640),('19C','Economy',150,2286),('19C','Economy',153,501),('19C','Economy',155,223),('19C','Economy',162,2299),('19C','Economy',165,1908),('19C','Economy',177,204),('19C','Economy',178,185),('19C','Economy',183,2534),('19C','Economy',185,2523),('19C','Economy',186,1576),('19C','Economy',188,2648),('19C','Economy',193,1502),('19C','Economy',196,26),('19C','Economy',207,533),('19C','Economy',212,2640),('19C','Economy',214,216),('19C','Economy',215,2113),('19C','Economy',216,907),('19C','Economy',220,107),('19C','Economy',221,1550),('19D','Economy',121,2389),('19D','Economy',123,900),('19D','Economy',129,481),('19D','Economy',152,645),('19D','Economy',155,1623),('19D','Economy',160,2632),('19D','Economy',164,1531),('19D','Economy',170,2719),('19D','Economy',178,1866),('19D','Economy',188,2259),('19D','Economy',196,474),('19D','Economy',203,2707),('19D','Economy',211,649),('19D','Economy',216,719),('19D','Economy',219,2110),('19D','Economy',224,117),('19E','Economy',101,2563),('19E','Economy',119,1000),('19E','Economy',122,214),('19E','Economy',123,310),('19E','Economy',125,1746),('19E','Economy',127,977),('19E','Economy',129,1570),('19E','Economy',134,1126),('19E','Economy',136,1645),('19E','Economy',137,519),('19E','Economy',138,895),('19E','Economy',141,2464),('19E','Economy',145,1976),('19E','Economy',146,1140),('19E','Economy',153,1271),('19E','Economy',154,248),('19E','Economy',162,1394),('19E','Economy',164,2295),('19E','Economy',172,746),('19E','Economy',173,1660),('19E','Economy',174,2128),('19E','Economy',177,41),('19E','Economy',181,308),('19E','Economy',196,1776),('19E','Economy',202,1675),('19E','Economy',209,618),('19E','Economy',210,1323),('19E','Economy',215,1730),('19E','Economy',221,1218),('19E','Economy',222,1476),('19E','Economy',223,1298),('19E','Economy',225,1679),('19F','Economy',118,2551),('19F','Economy',121,1133),('19F','Economy',122,51),('19F','Economy',124,1005),('19F','Economy',126,162),('19F','Economy',129,359),('19F','Economy',141,1157),('19F','Economy',145,189),('19F','Economy',146,858),('19F','Economy',153,1863),('19F','Economy',156,1628),('19F','Economy',157,147),('19F','Economy',159,1228),('19F','Economy',160,1250),('19F','Economy',161,1444),('19F','Economy',163,1066),('19F','Economy',164,1534),('19F','Economy',166,2532),('19F','Economy',171,2764),('19F','Economy',173,2743),('19F','Economy',180,1999),('19F','Economy',185,2525),('19F','Economy',190,234),('19F','Economy',202,229),('19F','Economy',204,2643),('19F','Economy',208,2445),('19F','Economy',210,2241),('19F','Economy',211,2448),('19F','Economy',212,2166),('19F','Economy',215,2247),('19F','Economy',220,1088),('20A','Economy',118,345),('20A','Economy',121,1186),('20A','Economy',122,1795),('20A','Economy',123,332),('20A','Economy',130,1085),('20A','Economy',132,848),('20A','Economy',141,1608),('20A','Economy',144,110),('20A','Economy',153,2123),('20A','Economy',154,1642),('20A','Economy',155,46),('20A','Economy',156,1655),('20A','Economy',159,390),('20A','Economy',160,1303),('20A','Economy',161,1452),('20A','Economy',164,2096),('20A','Economy',168,2271),('20A','Economy',201,2351),('20A','Economy',205,1708),('20A','Economy',220,2101),('20A','Economy',223,991),('20B','Economy',117,492),('20B','Economy',121,2063),('20B','Economy',130,1968),('20B','Economy',138,1485),('20B','Economy',151,983),('20B','Economy',154,1069),('20B','Economy',160,2630),('20B','Economy',161,499),('20B','Economy',163,433),('20B','Economy',164,888),('20B','Economy',165,585),('20B','Economy',166,2078),('20B','Economy',169,305),('20B','Economy',175,879),('20B','Economy',184,67),('20B','Economy',187,2141),('20B','Economy',198,924),('20B','Economy',202,269),('20B','Economy',207,1147),('20B','Economy',216,330),('20B','Economy',225,1727),('20B','Economy',226,284),('20C','Economy',101,326),('20C','Economy',118,2233),('20C','Economy',120,270),('20C','Economy',121,1339),('20C','Economy',123,901),('20C','Economy',124,2499),('20C','Economy',125,1748),('20C','Economy',129,885),('20C','Economy',133,463),('20C','Economy',137,639),('20C','Economy',138,1670),('20C','Economy',146,1139),('20C','Economy',150,728),('20C','Economy',155,103),('20C','Economy',159,1389),('20C','Economy',161,937),('20C','Economy',166,2269),('20C','Economy',168,565),('20C','Economy',169,100),('20C','Economy',171,2052),('20C','Economy',173,1658),('20C','Economy',175,1689),('20C','Economy',176,1463),('20C','Economy',187,597),('20C','Economy',188,1055),('20C','Economy',190,2574),('20C','Economy',192,681),('20C','Economy',200,2360),('20C','Economy',202,2684),('20C','Economy',204,2395),('20C','Economy',210,2335),('20C','Economy',213,1118),('20C','Economy',220,1001),('20C','Economy',223,1881),('20D','Economy',100,761),('20D','Economy',101,2567),('20D','Economy',118,1333),('20D','Economy',120,1414),('20D','Economy',122,352),('20D','Economy',129,2705),('20D','Economy',132,243),('20D','Economy',136,110),('20D','Economy',143,1192),('20D','Economy',148,2028),('20D','Economy',149,1625),('20D','Economy',154,2121),('20D','Economy',164,1035),('20D','Economy',168,1052),('20D','Economy',170,444),('20D','Economy',173,1778),('20D','Economy',177,200),('20D','Economy',195,710),('20D','Economy',201,1458),('20D','Economy',202,2413),('20D','Economy',205,160),('20D','Economy',206,2350),('20D','Economy',209,2336),('20D','Economy',212,2076),('20D','Economy',215,367),('20D','Economy',217,1666),('20D','Economy',223,1178),('20E','Economy',132,1877),('20E','Economy',135,1158),('20E','Economy',142,1662),('20E','Economy',144,136),('20E','Economy',165,2467),('20E','Economy',174,2469),('20E','Economy',194,2612),('20E','Economy',196,2497),('20E','Economy',197,587),('20E','Economy',199,1586),('20E','Economy',203,1039),('20E','Economy',209,2165),('20E','Economy',210,2245),('20F','Economy',101,368),('20F','Economy',123,652),('20F','Economy',129,1912),('20F','Economy',134,176),('20F','Economy',135,2116),('20F','Economy',139,2545),('20F','Economy',145,780),('20F','Economy',151,2328),('20F','Economy',156,118),('20F','Economy',160,1862),('20F','Economy',161,1889),('20F','Economy',162,2034),('20F','Economy',170,843),('20F','Economy',171,1310),('20F','Economy',177,2041),('20F','Economy',182,1285),('20F','Economy',189,1210),('20F','Economy',192,2149),('20F','Economy',193,2595),('20F','Economy',196,915),('20F','Economy',202,71),('20F','Economy',203,1409),('20F','Economy',208,649),('20F','Economy',215,580),('20F','Economy',221,2169),('21A','Economy',101,2566),('21A','Economy',120,440),('21A','Economy',123,1142),('21A','Economy',124,2251),('21A','Economy',140,1695),('21A','Economy',142,421),('21A','Economy',145,2234),('21A','Economy',152,1442),('21A','Economy',154,1071),('21A','Economy',157,386),('21A','Economy',162,2124),('21A','Economy',163,435),('21A','Economy',168,1802),('21A','Economy',174,301),('21A','Economy',175,2466),('21A','Economy',176,807),('21A','Economy',178,1860),('21A','Economy',188,2647),('21A','Economy',193,960),('21A','Economy',195,613),('21A','Economy',197,1713),('21A','Economy',207,2342),('21A','Economy',216,372),('21A','Economy',224,1790),('21B','Economy',120,2635),('21B','Economy',121,2230),('21B','Economy',126,1426),('21B','Economy',130,2277),('21B','Economy',131,787),('21B','Economy',140,132),('21B','Economy',141,1869),('21B','Economy',155,2027),('21B','Economy',156,169),('21B','Economy',158,922),('21B','Economy',159,1508),('21B','Economy',160,2376),('21B','Economy',161,1450),('21B','Economy',167,1206),('21B','Economy',169,341),('21B','Economy',181,307),('21B','Economy',182,261),('21B','Economy',188,2407),('21B','Economy',189,1519),('21B','Economy',196,1767),('21B','Economy',201,2106),('21B','Economy',202,1040),('21B','Economy',204,231),('21B','Economy',205,1709),('21B','Economy',210,167),('21B','Economy',212,2723),('21B','Economy',215,1557),('21B','Economy',216,2628),('21B','Economy',220,366),('21B','Economy',223,1180),('21B','Economy',224,1092),('21C','Economy',122,1931),('21C','Economy',136,609),('21C','Economy',138,1484),('21C','Economy',141,2462),('21C','Economy',150,661),('21C','Economy',155,1155),('21C','Economy',162,2298),('21C','Economy',165,798),('21C','Economy',170,203),('21C','Economy',177,1591),('21C','Economy',180,1575),('21C','Economy',182,1350),('21C','Economy',186,2619),('21C','Economy',191,2036),('21C','Economy',195,830),('21C','Economy',199,465),('21C','Economy',215,1558),('21C','Economy',217,182),('21C','Economy',221,448),('21C','Economy',224,913),('21D','Economy',119,52),('21D','Economy',122,2635),('21D','Economy',124,1922),('21D','Economy',130,1515),('21D','Economy',132,847),('21D','Economy',136,452),('21D','Economy',139,693),('21D','Economy',145,2657),('21D','Economy',152,647),('21D','Economy',155,102),('21D','Economy',157,591),('21D','Economy',163,1610),('21D','Economy',166,1781),('21D','Economy',169,2484),('21D','Economy',170,2721),('21D','Economy',174,300),('21D','Economy',188,2385),('21D','Economy',192,418),('21D','Economy',207,2341),('21D','Economy',209,112),('21D','Economy',210,2242),('21D','Economy',212,546),('21D','Economy',213,1448),('21D','Economy',215,667),('21D','Economy',219,2113),('21D','Economy',222,1579),('21E','Economy',118,2567),('21E','Economy',120,2066),('21E','Economy',121,2267),('21E','Economy',129,2214),('21E','Economy',130,405),('21E','Economy',131,158),('21E','Economy',135,135),('21E','Economy',144,137),('21E','Economy',147,2662),('21E','Economy',166,2531),('21E','Economy',169,2482),('21E','Economy',170,443),('21E','Economy',174,1274),('21E','Economy',175,825),('21E','Economy',176,444),('21E','Economy',182,1282),('21E','Economy',187,2150),('21E','Economy',189,680),('21E','Economy',191,1521),('21E','Economy',192,417),('21E','Economy',206,2347),('21E','Economy',211,2763),('21E','Economy',215,366),('21E','Economy',223,2339),('21E','Economy',225,1299),('21F','Economy',118,1005),('21F','Economy',120,1110),('21F','Economy',134,561),('21F','Economy',141,1135),('21F','Economy',147,2554),('21F','Economy',149,2025),('21F','Economy',154,2221),('21F','Economy',163,2713),('21F','Economy',165,2465),('21F','Economy',170,460),('21F','Economy',174,1273),('21F','Economy',175,966),('21F','Economy',180,2000),('21F','Economy',182,1200),('21F','Economy',186,1612),('21F','Economy',196,2495),('21F','Economy',205,933),('21F','Economy',209,1619),('21F','Economy',213,2685),('21F','Economy',221,2432),('22A','Economy',118,122),('22A','Economy',123,758),('22A','Economy',125,2725),('22A','Economy',129,482),('22A','Economy',133,2151),('22A','Economy',135,137),('22A','Economy',136,721),('22A','Economy',138,1955),('22A','Economy',140,1383),('22A','Economy',146,801),('22A','Economy',153,172),('22A','Economy',166,1810),('22A','Economy',177,2142),('22A','Economy',180,1249),('22A','Economy',183,2537),('22A','Economy',185,126),('22A','Economy',189,1314),('22A','Economy',190,2739),('22A','Economy',202,1467),('22A','Economy',204,2045),('22A','Economy',206,72),('22A','Economy',212,2165),('22A','Economy',216,2627),('22A','Economy',217,1740),('22B','Economy',138,1139),('22B','Economy',139,2189),('22B','Economy',153,1568),('22B','Economy',162,766),('22B','Economy',169,859),('22B','Economy',170,1318),('22B','Economy',178,2217),('22B','Economy',187,2148),('22B','Economy',195,2179),('22B','Economy',201,2108),('22B','Economy',203,2738),('22B','Economy',215,668),('22B','Economy',222,1790),('22B','Economy',225,1729),('22C','Economy',134,1606),('22C','Economy',147,1251),('22C','Economy',148,1634),('22C','Economy',153,498),('22C','Economy',161,1443),('22C','Economy',164,2095),('22C','Economy',168,301),('22C','Economy',170,1946),('22C','Economy',171,101),('22C','Economy',176,443),('22C','Economy',189,241),('22C','Economy',211,2316),('22C','Economy',212,2394),('22C','Economy',214,1023),('22C','Economy',223,2402),('22D','Economy',100,296),('22D','Economy',121,2268),('22D','Economy',123,1411),('22D','Economy',130,1277),('22D','Economy',136,1048),('22D','Economy',137,517),('22D','Economy',140,1423),('22D','Economy',142,62),('22D','Economy',149,624),('22D','Economy',154,745),('22D','Economy',159,1227),('22D','Economy',161,1915),('22D','Economy',162,1852),('22D','Economy',165,824),('22D','Economy',166,2079),('22D','Economy',173,1779),('22D','Economy',178,425),('22D','Economy',186,2173),('22D','Economy',189,681),('22D','Economy',195,611),('22D','Economy',200,1708),('22D','Economy',205,1650),('22D','Economy',207,1329),('22D','Economy',211,1148),('22E','Economy',124,684),('22E','Economy',125,939),('22E','Economy',146,1239),('22E','Economy',155,222),('22E','Economy',159,1272),('22E','Economy',164,878),('22E','Economy',174,1593),('22E','Economy',177,95),('22E','Economy',182,2282),('22E','Economy',184,943),('22E','Economy',186,1578),('22E','Economy',189,506),('22E','Economy',194,2239),('22E','Economy',204,2644),('22E','Economy',212,1524),('22E','Economy',215,852),('22E','Economy',217,13),('22F','Economy',118,121),('22F','Economy',119,2087),('22F','Economy',120,1412),('22F','Economy',121,1836),('22F','Economy',123,491),('22F','Economy',139,692),('22F','Economy',142,61),('22F','Economy',154,2119),('22F','Economy',155,1622),('22F','Economy',161,978),('22F','Economy',162,179),('22F','Economy',165,2142),('22F','Economy',170,1317),('22F','Economy',178,413),('22F','Economy',181,1834),('22F','Economy',184,68),('22F','Economy',187,2437),('22F','Economy',189,1304),('22F','Economy',210,869),('22F','Economy',211,2447),('22F','Economy',213,1447),('22F','Economy',214,1381),('22F','Economy',220,2129),('22F','Economy',223,1960),('22F','Economy',225,1178),('23A','Economy',118,686),('23A','Economy',120,1261),('23A','Economy',123,2082),('23A','Economy',126,1213),('23A','Economy',128,1985),('23A','Economy',136,2502),('23A','Economy',164,879),('23A','Economy',165,584),('23A','Economy',169,659),('23A','Economy',170,1367),('23A','Economy',175,1529),('23A','Economy',178,1865),('23A','Economy',182,192),('23A','Economy',185,174),('23A','Economy',186,410),('23A','Economy',217,318),('23B','Economy',101,1057),('23B','Economy',122,2673),('23B','Economy',123,2493),('23B','Economy',124,1089),('23B','Economy',131,282),('23B','Economy',132,1175),('23B','Economy',143,518),('23B','Economy',145,2092),('23B','Economy',165,2466),('23B','Economy',166,485),('23B','Economy',167,713),('23B','Economy',178,184),('23B','Economy',187,930),('23B','Economy',189,495),('23B','Economy',190,641),('23B','Economy',192,2648),('23B','Economy',193,2410),('23B','Economy',195,707),('23B','Economy',199,2707),('23B','Economy',203,1359),('23B','Economy',216,906),('23B','Economy',218,331),('23C','Economy',133,292),('23C','Economy',138,2659),('23C','Economy',139,2543),('23C','Economy',141,1136),('23C','Economy',145,398),('23C','Economy',149,1627),('23C','Economy',155,2118),('23C','Economy',165,823),('23C','Economy',170,1602),('23C','Economy',172,2157),('23C','Economy',175,1687),('23C','Economy',176,676),('23C','Economy',184,250),('23C','Economy',186,2067),('23C','Economy',195,590),('23C','Economy',197,1962),('23C','Economy',199,2709),('23C','Economy',204,2107),('23C','Economy',205,333),('23C','Economy',216,1128),('23C','Economy',225,1180),('23D','Economy',120,290),('23D','Economy',124,2747),('23D','Economy',134,1990),('23D','Economy',140,1420),('23D','Economy',143,450),('23D','Economy',146,1549),('23D','Economy',150,1438),('23D','Economy',153,1237),('23D','Economy',154,1374),('23D','Economy',164,2677),('23D','Economy',169,1353),('23D','Economy',177,472),('23D','Economy',184,516),('23D','Economy',188,792),('23D','Economy',195,1823),('23D','Economy',203,705),('23D','Economy',205,1940),('23D','Economy',216,2622),('23D','Economy',220,328),('23E','Economy',100,1864),('23E','Economy',129,1982),('23E','Economy',136,94),('23E','Economy',138,91),('23E','Economy',145,1697),('23E','Economy',146,1016),('23E','Economy',150,1916),('23E','Economy',155,1703),('23E','Economy',165,2734),('23E','Economy',174,235),('23E','Economy',176,678),('23E','Economy',180,1235),('23E','Economy',181,253),('23E','Economy',182,880),('23E','Economy',185,1566),('23E','Economy',189,2038),('23E','Economy',193,959),('23E','Economy',202,956),('23E','Economy',203,902),('23E','Economy',204,2360),('23E','Economy',218,1636),('23E','Economy',219,1714),('23E','Economy',222,1986),('23E','Economy',226,1986),('23F','Economy',117,946),('23F','Economy',121,2356),('23F','Economy',123,40),('23F','Economy',132,1174),('23F','Economy',134,509),('23F','Economy',136,974),('23F','Economy',145,2235),('23F','Economy',155,47),('23F','Economy',161,2378),('23F','Economy',162,1372),('23F','Economy',179,1936),('23F','Economy',189,1191),('23F','Economy',196,2145),('23F','Economy',198,2018),('23F','Economy',204,1437),('23F','Economy',207,871),('23F','Economy',210,166),('23F','Economy',211,2446),('23F','Economy',221,447),('23F','Economy',226,1105),('24A','Economy',120,797),('24A','Economy',124,1720),('24A','Economy',126,2752),('24A','Economy',130,1966),('24A','Economy',136,2212),('24A','Economy',148,152),('24A','Economy',151,1603),('24A','Economy',157,592),('24A','Economy',161,1914),('24A','Economy',162,1849),('24A','Economy',177,583),('24A','Economy',178,55),('24A','Economy',180,1246),('24A','Economy',188,275),('24A','Economy',190,2409),('24A','Economy',192,1334),('24A','Economy',194,86),('24A','Economy',196,1765),('24A','Economy',197,845),('24A','Economy',201,1820),('24A','Economy',203,457),('24A','Economy',209,2335),('24A','Economy',217,1494),('24A','Economy',218,2559),('24A','Economy',219,2246),('24A','Economy',223,2459),('24A','Economy',225,1929),('24B','Economy',100,368),('24B','Economy',101,1418),('24B','Economy',122,1189),('24B','Economy',125,2726),('24B','Economy',131,156),('24B','Economy',146,1901),('24B','Economy',147,1918),('24B','Economy',151,1840),('24B','Economy',152,1433),('24B','Economy',153,2070),('24B','Economy',159,1735),('24B','Economy',168,1693),('24B','Economy',175,2625),('24B','Economy',178,88),('24B','Economy',182,1341),('24B','Economy',204,2397),('24B','Economy',207,2394),('24B','Economy',209,546),('24B','Economy',210,674),('24B','Economy',217,2715),('24B','Economy',221,445),('24C','Economy',101,2579),('24C','Economy',120,1922),('24C','Economy',122,2636),('24C','Economy',130,402),('24C','Economy',136,399),('24C','Economy',144,111),('24C','Economy',151,990),('24C','Economy',154,1373),('24C','Economy',156,171),('24C','Economy',165,583),('24C','Economy',170,1366),('24C','Economy',180,2326),('24C','Economy',188,790),('24C','Economy',200,2361),('24C','Economy',204,2094),('24C','Economy',205,1711),('24C','Economy',212,2638),('24C','Economy',213,16),('24C','Economy',214,2767),('24C','Economy',216,1127),('24C','Economy',219,2200),('24C','Economy',225,1474),('24C','Economy',226,1597),('24D','Economy',100,2308),('24D','Economy',119,655),('24D','Economy',120,2499),('24D','Economy',123,1164),('24D','Economy',126,2756),('24D','Economy',135,692),('24D','Economy',142,1618),('24D','Economy',145,778),('24D','Economy',149,127),('24D','Economy',155,1324),('24D','Economy',156,1627),('24D','Economy',159,2717),('24D','Economy',163,1067),('24D','Economy',174,2555),('24D','Economy',186,263),('24D','Economy',193,2475),('24D','Economy',197,613),('24D','Economy',200,194),('24D','Economy',205,1939),('24D','Economy',214,1021),('24D','Economy',216,1344),('24D','Economy',220,367),('24E','Economy',125,1276),('24E','Economy',136,450),('24E','Economy',140,1422),('24E','Economy',153,2700),('24E','Economy',154,1154),('24E','Economy',159,2010),('24E','Economy',161,1641),('24E','Economy',162,248),('24E','Economy',165,2143),('24E','Economy',177,660),('24E','Economy',182,1566),('24E','Economy',189,1518),('24E','Economy',193,2594),('24E','Economy',197,1925),('24E','Economy',203,1358),('24E','Economy',205,334),('24E','Economy',212,2641),('24E','Economy',226,1755),('24F','Economy',100,295),('24F','Economy',120,757),('24F','Economy',125,1404),('24F','Economy',132,421),('24F','Economy',139,2547),('24F','Economy',145,974),('24F','Economy',146,2211),('24F','Economy',153,1573),('24F','Economy',158,1029),('24F','Economy',162,2481),('24F','Economy',165,54),('24F','Economy',170,81),('24F','Economy',175,2626),('24F','Economy',178,2294),('24F','Economy',183,2536),('24F','Economy',184,944),('24F','Economy',189,1683),('24F','Economy',192,2353),('24F','Economy',195,2133),('24F','Economy',198,1049),('24F','Economy',200,196),('24F','Economy',201,226),('24F','Economy',203,199),('24F','Economy',206,1498),('24F','Economy',211,1150),('24F','Economy',214,2730),('24F','Economy',218,1118),('24F','Economy',219,1715),('24F','Economy',220,2623),('25A','Economy',123,1167),('25A','Economy',124,1261),('25A','Economy',136,778),('25A','Economy',138,1135),('25A','Economy',145,1125),('25A','Economy',148,837),('25A','Economy',150,1324),('25A','Economy',159,2009),('25A','Economy',162,1373),('25A','Economy',166,1812),('25A','Economy',171,2765),('25A','Economy',180,470),('25A','Economy',187,2149),('25A','Economy',188,1336),('25A','Economy',190,2740),('25A','Economy',199,2708),('25A','Economy',206,1500),('25A','Economy',210,2333),('25A','Economy',214,1003),('25A','Economy',220,2622),('25A','Economy',223,1681),('25A','Economy',224,1041),('25B','Economy',119,1185),('25B','Economy',120,1263),('25B','Economy',132,1173),('25B','Economy',137,1857),('25B','Economy',145,35),('25B','Economy',156,2457),('25B','Economy',159,1226),('25B','Economy',160,2120),('25B','Economy',170,1589),('25B','Economy',172,1445),('25B','Economy',178,820),('25B','Economy',182,1284),('25B','Economy',188,1233),('25B','Economy',192,1336),('25B','Economy',195,2134),('25B','Economy',201,802),('25B','Economy',210,870),('25B','Economy',214,2604),('25B','Economy',217,1316),('25B','Economy',225,1706),('25C','Economy',117,2250),('25C','Economy',118,788),('25C','Economy',120,2180),('25C','Economy',121,2505),('25C','Economy',122,1266),('25C','Economy',123,1168),('25C','Economy',138,89),('25C','Economy',141,1134),('25C','Economy',143,1354),('25C','Economy',145,629),('25C','Economy',147,2664),('25C','Economy',149,832),('25C','Economy',152,488),('25C','Economy',158,921),('25C','Economy',160,2256),('25C','Economy',162,2480),('25C','Economy',165,2733),('25C','Economy',167,570),('25C','Economy',170,842),('25C','Economy',174,2187),('25C','Economy',178,188),('25C','Economy',179,568),('25C','Economy',189,1375),('25C','Economy',191,839),('25C','Economy',198,2324),('25C','Economy',202,576),('25C','Economy',205,931),('25C','Economy',206,69),('25C','Economy',209,225),('25C','Economy',215,1731),('25C','Economy',217,2716),('25D','Economy',100,259),('25D','Economy',120,755),('25D','Economy',123,2552),('25D','Economy',133,62),('25D','Economy',143,1194),('25D','Economy',145,779),('25D','Economy',149,833),('25D','Economy',154,1631),('25D','Economy',155,152),('25D','Economy',156,2456),('25D','Economy',157,384),('25D','Economy',159,1431),('25D','Economy',161,1054),('25D','Economy',162,2227),('25D','Economy',164,746),('25D','Economy',181,739),('25D','Economy',183,1803),('25D','Economy',194,25),('25D','Economy',196,25),('25D','Economy',199,2737),('25D','Economy',200,2362),('25D','Economy',201,2109),('25D','Economy',203,1036),('25D','Economy',206,1396),('25D','Economy',207,868),('25D','Economy',215,2540),('25D','Economy',216,1716),('25D','Economy',217,1741),('25D','Economy',221,1928),('25E','Economy',101,2578),('25E','Economy',117,1165),('25E','Economy',120,1744),('25E','Economy',123,490),('25E','Economy',124,756),('25E','Economy',127,1481),('25E','Economy',130,1276),('25E','Economy',132,1736),('25E','Economy',133,2702),('25E','Economy',136,1103),('25E','Economy',145,1256),('25E','Economy',170,437),('25E','Economy',173,2744),('25E','Economy',188,287),('25E','Economy',189,1308),('25E','Economy',200,931),('25E','Economy',211,2761),('25E','Economy',214,1380),('25E','Economy',224,1793),('25F','Economy',120,2749),('25F','Economy',123,2258),('25F','Economy',132,2235),('25F','Economy',138,92),('25F','Economy',146,1902),('25F','Economy',153,1196),('25F','Economy',157,2273),('25F','Economy',164,2176),('25F','Economy',177,2143),('25F','Economy',192,37),('25F','Economy',202,333),('25F','Economy',204,229),('25F','Economy',206,2349),('25F','Economy',210,2161),('25F','Economy',211,2444),('25F','Economy',226,1754),('26A','Economy',100,159),('26A','Economy',120,1789),('26A','Economy',121,2088),('26A','Economy',123,1830),('26A','Economy',127,2423),('26A','Economy',128,976),('26A','Economy',132,1875),('26A','Economy',150,703),('26A','Economy',151,2426),('26A','Economy',159,1386),('26A','Economy',167,949),('26A','Economy',168,1051),('26A','Economy',169,2587),('26A','Economy',174,2125),('26A','Economy',177,951),('26A','Economy',185,1564),('26A','Economy',186,262),('26A','Economy',189,1401),('26A','Economy',190,2387),('26A','Economy',192,2647),('26A','Economy',194,2497),('26A','Economy',202,2414),('26A','Economy',206,1677),('26A','Economy',207,1258),('26A','Economy',217,987),('26A','Economy',220,329),('26A','Economy',224,99),('26B','Economy',100,1621),('26B','Economy',101,1455),('26B','Economy',117,1164),('26B','Economy',119,2088),('26B','Economy',122,1333),('26B','Economy',124,683),('26B','Economy',128,1552),('26B','Economy',136,93),('26B','Economy',144,138),('26B','Economy',146,608),('26B','Economy',150,702),('26B','Economy',151,1604),('26B','Economy',153,1862),('26B','Economy',154,1851),('26B','Economy',170,142),('26B','Economy',174,2556),('26B','Economy',175,1046),('26B','Economy',185,1565),('26B','Economy',187,1153),('26B','Economy',188,278),('26B','Economy',195,2585),('26B','Economy',197,793),('26B','Economy',203,914),('26B','Economy',206,1397),('26B','Economy',213,15),('26B','Economy',214,1020),('26B','Economy',218,1116),('26B','Economy',220,1848),('26B','Economy',221,1729),('26B','Economy',226,2582),('26C','Economy',120,2498),('26C','Economy',129,1911),('26C','Economy',132,1695),('26C','Economy',133,2597),('26C','Economy',138,1901),('26C','Economy',140,1421),('26C','Economy',148,2057),('26C','Economy',152,2481),('26C','Economy',153,1238),('26C','Economy',161,408),('26C','Economy',166,1783),('26C','Economy',169,2187),('26C','Economy',170,45),('26C','Economy',176,1352),('26C','Economy',178,1894),('26C','Economy',184,2062),('26C','Economy',187,594),('26C','Economy',202,69),('26C','Economy',210,2244),('26C','Economy',211,2315),('26C','Economy',212,548),('26D','Economy',100,6),('26D','Economy',101,6),('26D','Economy',118,347),('26D','Economy',119,652),('26D','Economy',140,292),('26D','Economy',145,34),('26D','Economy',157,385),('26D','Economy',161,1880),('26D','Economy',165,781),('26D','Economy',168,377),('26D','Economy',169,535),('26D','Economy',172,1405),('26D','Economy',175,1761),('26D','Economy',181,1832),('26D','Economy',189,1682),('26D','Economy',190,255),('26D','Economy',195,1774),('26D','Economy',196,24),('26D','Economy',197,2621),('26D','Economy',209,2334),('26D','Economy',214,2557),('26D','Economy',215,1732),('26D','Economy',217,2132),('26D','Economy',221,2171),('26D','Economy',224,445),('26E','Economy',100,1797),('26E','Economy',120,558),('26E','Economy',121,789),('26E','Economy',122,215),('26E','Economy',123,2491),('26E','Economy',132,1176),('26E','Economy',135,694),('26E','Economy',136,2158),('26E','Economy',139,1295),('26E','Economy',148,2331),('26E','Economy',149,2154),('26E','Economy',153,2375),('26E','Economy',161,2377),('26E','Economy',163,733),('26E','Economy',166,1811),('26E','Economy',167,2382),('26E','Economy',168,1893),('26E','Economy',175,651),('26E','Economy',184,1181),('26E','Economy',192,38),('26E','Economy',193,1962),('26E','Economy',205,532),('26E','Economy',209,1984),('26E','Economy',214,2715),('26E','Economy',216,329),('26E','Economy',219,2651),('26E','Economy',223,897),('26E','Economy',225,1681),('26F','Economy',100,1544),('26F','Economy',123,1166),('26F','Economy',132,614),('26F','Economy',145,1885),('26F','Economy',146,857),('26F','Economy',149,1513),('26F','Economy',150,726),('26F','Economy',153,169),('26F','Economy',154,1630),('26F','Economy',155,645),('26F','Economy',156,119),('26F','Economy',163,1595),('26F','Economy',166,2530),('26F','Economy',170,201),('26F','Economy',171,1309),('26F','Economy',178,1893),('26F','Economy',182,1201),('26F','Economy',184,513),('26F','Economy',188,2650),('26F','Economy',189,604),('26F','Economy',191,1378),('26F','Economy',202,1647),('26F','Economy',205,698),('26F','Economy',211,2317),('26F','Economy',215,2246),('26F','Economy',216,838),('26F','Economy',222,1474),('26F','Economy',226,1598),('27A','Economy',101,2308),('27A','Economy',118,311),('27A','Economy',121,2601),('27A','Economy',123,760),('27A','Economy',135,2657),('27A','Economy',145,1257),('27A','Economy',147,2400),('27A','Economy',152,2712),('27A','Economy',153,2069),('27A','Economy',163,1065),('27A','Economy',169,343),('27A','Economy',170,1368),('27A','Economy',193,504),('27A','Economy',194,2237),('27B','Economy',121,1187),('27B','Economy',124,1293),('27B','Economy',133,1559),('27B','Economy',135,34),('27B','Economy',138,607),('27B','Economy',152,1735),('27B','Economy',163,1659),('27B','Economy',167,2510),('27B','Economy',170,1321),('27B','Economy',175,1530),('27B','Economy',177,44),('27B','Economy',179,567),('27B','Economy',180,2523),('27B','Economy',181,2572),('27B','Economy',185,2000),('27B','Economy',188,791),('27B','Economy',195,717),('27B','Economy',197,489),('27C','Economy',119,2471),('27C','Economy',121,1605),('27C','Economy',122,2675),('27C','Economy',127,362),('27C','Economy',133,464),('27C','Economy',146,176),('27C','Economy',159,2008),('27C','Economy',166,966),('27C','Economy',172,1406),('27C','Economy',174,1592),('27C','Economy',177,203),('27C','Economy',180,469),('27C','Economy',183,2321),('27C','Economy',190,232),('27C','Economy',193,1217),('27D','Economy',100,1796),('27D','Economy',120,2747),('27D','Economy',128,643),('27D','Economy',144,895),('27D','Economy',146,2405),('27D','Economy',147,1921),('27D','Economy',148,2332),('27D','Economy',154,2346),('27D','Economy',161,832),('27D','Economy',169,2155),('27D','Economy',189,418),('27D','Economy',192,1055),('27D','Economy',196,1823),('27E','Economy',100,27),('27E','Economy',118,1189),('27E','Economy',122,1290),('27E','Economy',126,2642),('27E','Economy',134,507),('27E','Economy',136,1104),('27E','Economy',154,993),('27E','Economy',157,539),('27E','Economy',162,2220),('27E','Economy',166,1778),('27E','Economy',167,951),('27E','Economy',173,2693),('27E','Economy',174,2511),('27E','Economy',178,1859),('27E','Economy',181,741),('27E','Economy',185,2181),('27E','Economy',186,348),('27E','Economy',189,1305),('27E','Economy',197,612),('27F','Economy',118,310),('27F','Economy',120,332),('27F','Economy',124,2500),('27F','Economy',127,1482),('27F','Economy',129,1569),('27F','Economy',149,623),('27F','Economy',156,488),('27F','Economy',158,2286),('27F','Economy',169,2157),('27F','Economy',175,2483),('27F','Economy',188,2290),('27F','Economy',190,254),('27F','Economy',191,716),('27F','Economy',192,1232),('28A','Economy',117,491),('28A','Economy',128,2755),('28A','Economy',135,357),('28A','Economy',140,2659),('28A','Economy',149,2023),('28A','Economy',154,923),('28A','Economy',161,938),('28A','Economy',163,2193),('28A','Economy',165,582),('28A','Economy',167,953),('28A','Economy',169,1759),('28A','Economy',171,2054),('28A','Economy',174,2127),('28A','Economy',181,2571),('28A','Economy',188,1232),('28B','Economy',100,1798),('28B','Economy',101,345),('28B','Economy',121,2207),('28B','Economy',122,1332),('28B','Economy',123,2494),('28B','Economy',127,363),('28B','Economy',139,2223),('28B','Economy',140,2660),('28B','Economy',141,639),('28B','Economy',145,1700),('28B','Economy',153,502),('28B','Economy',154,2120),('28B','Economy',155,648),('28B','Economy',161,406),('28B','Economy',165,825),('28B','Economy',173,1672),('28B','Economy',174,484),('28B','Economy',193,2412),('28C','Economy',101,2575),('28C','Economy',120,1605),('28C','Economy',121,2208),('28C','Economy',126,2757),('28C','Economy',129,361),('28C','Economy',133,2073),('28C','Economy',138,1140),('28C','Economy',140,2264),('28C','Economy',144,2455),('28C','Economy',147,1919),('28C','Economy',148,2027),('28C','Economy',151,274),('28C','Economy',154,1952),('28C','Economy',157,274),('28C','Economy',172,1407),('28C','Economy',177,950),('28C','Economy',184,1809),('28C','Economy',188,289),('28C','Economy',192,2649),('28C','Economy',197,1963),('28D','Economy',117,1168),('28D','Economy',120,339),('28D','Economy',124,2749),('28D','Economy',133,1560),('28D','Economy',163,2313),('28D','Economy',189,2741),('28D','Economy',192,2416),('28D','Economy',198,2198),('28E','Economy',100,397),('28E','Economy',101,1457),('28E','Economy',120,2500),('28E','Economy',123,665),('28E','Economy',125,1277),('28E','Economy',126,1162),('28E','Economy',127,2421),('28E','Economy',132,375),('28E','Economy',140,2263),('28E','Economy',143,637),('28E','Economy',147,1062),('28E','Economy',157,2276),('28E','Economy',161,964),('28E','Economy',162,2301),('28E','Economy',170,2590),('28E','Economy',175,1688),('28E','Economy',182,971),('28E','Economy',187,929),('28E','Economy',188,338),('28E','Economy',193,1965),('28E','Economy',196,918),('28F','Economy',101,1415),('28F','Economy',119,294),('28F','Economy',120,1262),('28F','Economy',129,1615),('28F','Economy',138,189),('28F','Economy',140,1419),('28F','Economy',145,1702),('28F','Economy',151,1303),('28F','Economy',152,2480),('28F','Economy',163,1100),('28F','Economy',167,2511),('28F','Economy',180,2001),('28F','Economy',192,1230),('28F','Economy',193,503),('29A','Economy',101,2577),('29A','Economy',120,2569),('29A','Economy',121,1864),('29A','Economy',126,2751),('29A','Economy',127,883),('29A','Economy',152,2517),('29A','Economy',153,2682),('29A','Economy',160,543),('29A','Economy',166,737),('29A','Economy',177,43),('29A','Economy',178,2586),('29A','Economy',179,514),('29A','Economy',185,2183),('29A','Economy',189,255),('29A','Economy',195,2178),('29A','Economy',198,1101),('29B','Economy',100,370),('29B','Economy',118,2563),('29B','Economy',124,1090),('29B','Economy',125,2430),('29B','Economy',136,441),('29B','Economy',137,636),('29B','Economy',138,608),('29B','Economy',143,1199),('29B','Economy',149,1508),('29B','Economy',151,593),('29B','Economy',153,1572),('29B','Economy',154,1073),('29B','Economy',155,647),('29B','Economy',161,497),('29B','Economy',162,2229),('29B','Economy',163,2192),('29B','Economy',166,1782),('29B','Economy',177,2718),('29B','Economy',184,1807),('29B','Economy',191,2038),('29B','Economy',193,845),('29B','Economy',197,85),('29B','Economy',198,925),('29C','Economy',101,946),('29C','Economy',120,1112),('29C','Economy',121,2233),('29C','Economy',123,1927),('29C','Economy',129,2706),('29C','Economy',138,1016),('29C','Economy',154,1953),('29C','Economy',159,1513),('29C','Economy',160,2700),('29C','Economy',161,2379),('29C','Economy',169,342),('29C','Economy',170,2128),('29C','Economy',177,2720),('29C','Economy',180,2325),('29C','Economy',191,597),('29D','Economy',118,2550),('29D','Economy',119,2089),('29D','Economy',129,1471),('29D','Economy',131,155),('29D','Economy',134,1608),('29D','Economy',145,723),('29D','Economy',151,1493),('29D','Economy',152,865),('29D','Economy',153,500),('29D','Economy',162,2302),('29D','Economy',163,381),('29D','Economy',166,1815),('29D','Economy',167,1980),('29D','Economy',173,1781),('29D','Economy',182,2281),('29D','Economy',184,210),('29D','Economy',190,2137),('29E','Economy',118,1190),('29E','Economy',120,271),('29E','Economy',124,1744),('29E','Economy',126,2759),('29E','Economy',145,190),('29E','Economy',148,206),('29E','Economy',149,1510),('29E','Economy',161,2689),('29E','Economy',168,299),('29E','Economy',174,485),('29E','Economy',179,2370),('29E','Economy',181,272),('29F','Economy',101,346),('29F','Economy',118,2363),('29F','Economy',121,512),('29F','Economy',122,1506),('29F','Economy',126,1982),('29F','Economy',129,886),('29F','Economy',134,2012),('29F','Economy',138,1486),('29F','Economy',158,1031),('29F','Economy',159,2517),('29F','Economy',162,2479),('29F','Economy',165,2732),('29F','Economy',170,83),('29F','Economy',175,968),('29F','Economy',176,305),('29F','Economy',180,2173),('29F','Economy',188,2292),('29F','Economy',195,586),('29F','Economy',197,2585),('30A','Economy',100,3),('30A','Economy',117,2344),('30A','Economy',121,2066),('30A','Economy',131,1384),('30A','Economy',132,266),('30A','Economy',134,1253),('30A','Economy',135,2115),('30A','Economy',144,1119),('30A','Economy',154,1581),('30A','Economy',162,2122),('30A','Economy',169,1352),('30A','Economy',170,1461),('30A','Economy',171,100),('30A','Economy',177,145),('30A','Economy',178,2295),('30A','Economy',188,771),('30A','Economy',196,829),('30B','Economy',100,5),('30B','Economy',122,2672),('30B','Economy',134,1991),('30B','Economy',137,520),('30B','Economy',140,2658),('30B','Economy',145,399),('30B','Economy',146,1297),('30B','Economy',152,648),('30B','Economy',159,1430),('30B','Economy',160,2375),('30B','Economy',168,1894),('30B','Economy',169,1761),('30B','Economy',184,2060),('30B','Economy',192,2616),('30B','Economy',195,1824),('30B','Economy',197,87),('30C','Economy',118,789),('30C','Economy',120,1947),('30C','Economy',121,2085),('30C','Economy',123,1414),('30C','Economy',126,2753),('30C','Economy',133,1749),('30C','Economy',136,2503),('30C','Economy',148,153),('30C','Economy',166,468),('30C','Economy',171,246),('30C','Economy',174,565),('30C','Economy',187,2139),('30C','Economy',195,1839),('30C','Economy',196,2146),('30D','Economy',117,313),('30D','Economy',121,1337),('30D','Economy',123,1926),('30D','Economy',124,1263),('30D','Economy',126,2754),('30D','Economy',133,2153),('30D','Economy',135,1661),('30D','Economy',137,1858),('30D','Economy',145,1644),('30D','Economy',154,1429),('30D','Economy',176,677),('30D','Economy',178,1867),('30D','Economy',179,515),('30D','Economy',184,273),('30D','Economy',188,2406),('30E','Economy',100,297),('30E','Economy',118,2566),('30E','Economy',120,1948),('30E','Economy',121,2209),('30E','Economy',123,2080),('30E','Economy',130,404),('30E','Economy',133,2489),('30E','Economy',135,33),('30E','Economy',139,2546),('30E','Economy',149,2026),('30E','Economy',153,499),('30E','Economy',154,552),('30E','Economy',160,1863),('30E','Economy',164,2098),('30E','Economy',170,1945),('30E','Economy',175,438),('30E','Economy',187,2435),('30E','Economy',188,1335),('30E','Economy',189,1376),('30E','Economy',191,715),('30E','Economy',193,793),('30F','Economy',119,1301),('30F','Economy',120,2390),('30F','Economy',123,315),('30F','Economy',132,374),('30F','Economy',133,2596),('30F','Economy',135,693),('30F','Economy',136,451),('30F','Economy',145,1124),('30F','Economy',147,1061),('30F','Economy',153,1236),('30F','Economy',170,2056),('30F','Economy',171,887),('30F','Economy',181,2015),('30F','Economy',182,2182),('30F','Economy',184,569),('30F','Economy',192,2440),('30F','Economy',196,279),('31A','Economy',118,309),('31A','Economy',119,510),('31A','Economy',120,559),('31A','Economy',132,1537),('31A','Economy',134,954),('31A','Economy',136,1102),('31A','Economy',139,1296),('31A','Economy',145,1701),('31A','Economy',151,1492),('31A','Economy',154,1013),('31A','Economy',158,1032),('31A','Economy',161,833),('31A','Economy',166,1243),('31A','Economy',170,202),('31A','Economy',174,747),('31A','Economy',178,54),('31A','Economy',181,2570),('31A','Economy',186,264),('31A','Economy',197,844),('31B','Economy',117,2162),('31B','Economy',124,339),('31B','Economy',130,1514),('31B','Economy',131,157),('31B','Economy',134,1125),('31B','Economy',135,355),('31B','Economy',143,517),('31B','Economy',145,400),('31B','Economy',146,2013),('31B','Economy',150,2285),('31B','Economy',153,1197),('31B','Economy',165,2731),('31B','Economy',166,1890),('31B','Economy',170,744),('31B','Economy',174,433),('31B','Economy',178,83),('31B','Economy',182,1565),('31B','Economy',183,600),('31B','Economy',189,505),('31B','Economy',194,24),('31B','Economy',196,2687),('31B','Economy',198,1502),('31C','Economy',100,1543),('31C','Economy',120,1788),('31C','Economy',132,1541),('31C','Economy',136,2561),('31C','Economy',142,1122),('31C','Economy',146,1546),('31C','Economy',147,860),('31C','Economy',149,1512),('31C','Economy',150,1440),('31C','Economy',151,981),('31C','Economy',153,1198),('31C','Economy',154,1852),('31C','Economy',160,1302),('31C','Economy',161,2710),('31C','Economy',164,889),('31C','Economy',191,1376),('31C','Economy',192,2436),('31D','Economy',121,1835),('31D','Economy',123,759),('31D','Economy',133,30),('31D','Economy',135,764),('31D','Economy',141,462),('31D','Economy',143,1193),('31D','Economy',146,1903),('31D','Economy',161,835),('31D','Economy',163,731),('31D','Economy',167,688),('31D','Economy',178,2583),('31D','Economy',182,193),('31D','Economy',184,252),('31D','Economy',187,927),('31E','Economy',117,2345),('31E','Economy',120,1264),('31E','Economy',122,439),('31E','Economy',124,1091),('31E','Economy',127,884),('31E','Economy',155,1704),('31E','Economy',159,1734),('31E','Economy',162,1851),('31E','Economy',172,1870),('31E','Economy',186,1574),('31E','Economy',188,2386),('31E','Economy',194,2615),('31E','Economy',196,2147),('31F','Economy',121,2086),('31F','Economy',122,2637),('31F','Economy',133,29),('31F','Economy',135,136),('31F','Economy',136,2560),('31F','Economy',139,694),('31F','Economy',146,1957),('31F','Economy',157,238),('31F','Economy',163,1099),('31F','Economy',165,1867),('31F','Economy',174,299),('31F','Economy',181,2017),('31F','Economy',189,1306),('31F','Economy',192,680),('32A','Economy',118,2004),('32A','Economy',119,1300),('32A','Economy',124,1719),('32A','Economy',126,320),('32A','Economy',129,2704),('32A','Economy',140,2359),('32A','Economy',143,519),('32A','Economy',145,2653),('32A','Economy',152,646),('32A','Economy',166,967),('32A','Economy',173,477),('32A','Economy',184,213),('32A','Economy',189,1313),('32A','Economy',196,23),('32B','Economy',119,666),('32B','Economy',122,1265),('32B','Economy',146,856),('32B','Economy',152,1535),('32B','Economy',160,2699),('32B','Economy',162,1993),('32B','Economy',166,736),('32B','Economy',169,304),('32B','Economy',173,876),('32B','Economy',174,486),('32B','Economy',179,516),('32B','Economy',181,740),('32B','Economy',183,2049),('32B','Economy',184,2015),('32B','Economy',187,2138),('32B','Economy',189,38),('32C','Economy',100,1795),('32C','Economy',125,1747),('32C','Economy',136,2160),('32C','Economy',141,1355),('32C','Economy',154,964),('32C','Economy',163,2311),('32C','Economy',170,1464),('32C','Economy',173,572),('32C','Economy',175,1758),('32C','Economy',180,2524),('32C','Economy',189,1209),('32D','Economy',101,2564),('32D','Economy',118,1930),('32D','Economy',128,1553),('32D','Economy',136,722),('32D','Economy',157,1492),('32D','Economy',159,1390),('32D','Economy',161,935),('32D','Economy',163,96),('32D','Economy',168,471),('32D','Economy',169,2583),('32D','Economy',170,1668),('32D','Economy',173,2745),('32D','Economy',176,104),('32D','Economy',178,912),('32D','Economy',185,175),('32D','Economy',189,605),('32D','Economy',196,1766),('32E','Economy',123,654),('32E','Economy',124,2002),('32E','Economy',127,359),('32E','Economy',129,1483),('32E','Economy',134,508),('32E','Economy',135,36),('32E','Economy',144,2074),('32E','Economy',149,626),('32E','Economy',154,551),('32E','Economy',161,498),('32E','Economy',169,2586),('32E','Economy',181,2619),('32E','Economy',189,254),('32E','Economy',193,1971),('32F','Economy',119,512),('32F','Economy',120,2388),('32F','Economy',129,362),('32F','Economy',135,138),('32F','Economy',138,627),('32F','Economy',145,1887),('32F','Economy',148,151),('32F','Economy',149,129),('32F','Economy',155,646),('32F','Economy',162,249),('32F','Economy',163,2194),('32F','Economy',178,1321),('32F','Economy',187,928),('32F','Economy',188,2383),('32F','Economy',191,1519),('32F','Economy',192,2148),('32F','Economy',193,2146),('33A','Economy',101,1456),('33A','Economy',117,2602),('33A','Economy',123,899),('33A','Economy',124,323),('33A','Economy',126,1212),('33A','Economy',129,940),('33A','Economy',135,1157),('33A','Economy',144,1121),('33A','Economy',146,1137),('33A','Economy',159,2011),('33A','Economy',164,1348),('33A','Economy',170,2468),('33A','Economy',171,2366),('33A','Economy',175,562),('33A','Economy',189,603),('33A','Economy',193,1970),('33B','Economy',123,492),('33B','Economy',126,1425),('33B','Economy',130,2429),('33B','Economy',135,828),('33B','Economy',147,1063),('33B','Economy',161,979),('33B','Economy',162,1771),('33B','Economy',176,556),('33B','Economy',177,2077),('33B','Economy',191,594),('33B','Economy',197,796),('33C','Economy',124,2501),('33C','Economy',128,977),('33C','Economy',133,1750),('33C','Economy',134,1124),('33C','Economy',138,961),('33C','Economy',145,1670),('33C','Economy',153,171),('33C','Economy',164,1349),('33C','Economy',170,1006),('33C','Economy',175,1760),('33C','Economy',178,1668),('33C','Economy',183,2048),('33C','Economy',186,1575),('33C','Economy',196,2496),('33D','Economy',118,683),('33D','Economy',133,31),('33D','Economy',137,1555),('33D','Economy',140,2358),('33D','Economy',146,800),('33D','Economy',153,1771),('33D','Economy',163,1609),('33D','Economy',169,101),('33D','Economy',170,43),('33D','Economy',172,59),('33D','Economy',175,1526),('33D','Economy',181,2620),('33D','Economy',186,1613),('33D','Economy',191,595),('33D','Economy',198,1504),('33E','Economy',118,1057),('33E','Economy',123,2490),('33E','Economy',124,1721),('33E','Economy',134,560),('33E','Economy',138,2660),('33E','Economy',156,1361),('33E','Economy',162,1072),('33E','Economy',163,436),('33E','Economy',164,887),('33E','Economy',169,2521),('33E','Economy',174,566),('33E','Economy',192,682),('33E','Economy',198,2323),('33F','Economy',100,257),('33F','Economy',101,1417),('33F','Economy',121,511),('33F','Economy',143,451),('33F','Economy',146,1842),('33F','Economy',147,862),('33F','Economy',151,2266),('33F','Economy',153,2122),('33F','Economy',158,1030),('33F','Economy',160,2678),('33F','Economy',161,980),('33F','Economy',162,1769),('33F','Economy',170,2469),('33F','Economy',171,1311),('33F','Economy',172,2155),('33F','Economy',189,839),('33F','Economy',196,2133);
/*!40000 ALTER TABLE `seat` ENABLE KEYS */;
UNLOCK TABLES;
/*!40103 SET TIME_ZONE=@OLD_TIME_ZONE */;

/*!40101 SET SQL_MODE=@OLD_SQL_MODE */;
/*!40014 SET FOREIGN_KEY_CHECKS=@OLD_FOREIGN_KEY_CHECKS */;
/*!40014 SET UNIQUE_CHECKS=@OLD_UNIQUE_CHECKS */;
/*!40101 SET CHARACTER_SET_CLIENT=@OLD_CHARACTER_SET_CLIENT */;
/*!40101 SET CHARACTER_SET_RESULTS=@OLD_CHARACTER_SET_RESULTS */;
/*!40101 SET COLLATION_CONNECTION=@OLD_COLLATION_CONNECTION */;
/*!40111 SET SQL_NOTES=@OLD_SQL_NOTES */;

-- Dump completed on 2025-03-11 21:03:22
